<pyvinecopulib.Vinecop> Vinecop model with 55 variables
tree edge conditioned variables                                                                                                                                                                                     conditioning variables var_types   family rotation   parameters  df   tau 
   1    1                 6, 19                                                                                                                                                                                                                 c, c  Student        0  0.07, 13.52 2.0  0.05 
   1    2                19, 18                                                                                                                                                                                                                 c, c  Student        0   0.17, 3.96 2.0  0.11 
   1    3                 4, 12                                                                                                                                                                                                                 c, c  Student        0  0.11, 12.46 2.0  0.07 
   1    4                 18, 2                                                                                                                                                                                                                 c, c Gaussian        0         0.06 1.0  0.04 
   1    5                 2, 32                                                                                                                                                                                                                 c, c Gaussian        0         0.06 1.0  0.04 
   1    6                 21, 7                                                                                                                                                                                                                 c, c  Student        0   0.79, 4.78 2.0  0.58 
   1    7                  7, 5                                                                                                                                                                                                                 c, c  Student        0   0.25, 4.80 2.0  0.16 
   1    8                 5, 25                                                                                                                                                                                                                 c, c  Student        0   0.42, 5.58 2.0  0.28 
   1    9                11, 25                                                                                                                                                                                                                 c, c  Student        0   0.22, 5.43 2.0  0.14 
   1   10                25, 24                                                                                                                                                                                                                 c, c  Student        0   0.94, 5.00 2.0  0.79 
   1   11                17, 41                                                                                                                                                                                                                 c, c  Student        0   0.22, 8.02 2.0  0.14 
   1   12                36, 24                                                                                                                                                                                                                 c, c  Student        0   0.33, 8.08 2.0  0.22 
   1   13                44, 35                                                                                                                                                                                                                 c, c Gaussian        0         0.03 1.0  0.02 
   1   14                35, 41                                                                                                                                                                                                                 c, c  Student        0   0.23, 8.61 2.0  0.15 
   1   15                29, 37                                                                                                                                                                                                                 c, c  Student        0   0.41, 7.36 2.0  0.27 
   1   16                 8, 41                                                                                                                                                                                                                 c, c  Student        0   0.38, 6.72 2.0  0.25 
   1   17                37, 41                                                                                                                                                                                                                 c, c  Student        0   0.40, 5.83 2.0  0.27 
   1   18                23, 20                                                                                                                                                                                                                 c, c  Student        0  0.15, 10.52 2.0  0.10 
   1   19                27, 32                                                                                                                                                                                                                 c, c  Student        0  0.09, 13.58 2.0  0.06 
   1   20                48, 46                                                                                                                                                                                                                 c, c  Student        0   0.28, 7.93 2.0  0.18 
   1   21                47, 46                                                                                                                                                                                                                 c, c  Student        0   0.29, 7.92 2.0  0.18 
   1   22                38, 20                                                                                                                                                                                                                 c, c  Student        0   0.59, 4.52 2.0  0.40 
   1   23                51, 53                                                                                                                                                                                                                 c, c  Student        0   0.43, 5.00 2.0  0.29 
   1   24                53, 33                                                                                                                                                                                                                 c, c  Student        0   0.46, 5.64 2.0  0.31 
   1   25                28, 34                                                                                                                                                                                                                 c, c  Student        0   0.20, 6.97 2.0  0.13 
   1   26                33, 43                                                                                                                                                                                                                 c, c  Student        0   0.46, 4.78 2.0  0.31 
   1   27                10, 50                                                                                                                                                                                                                 c, c  Student        0  0.10, 15.94 2.0  0.06 
   1   28                24, 43                                                                                                                                                                                                                 c, c  Student        0   0.52, 5.41 2.0  0.35 
   1   29                32, 46                                                                                                                                                                                                                 c, c  Student        0   0.53, 5.22 2.0  0.35 
   1   30                16, 46                                                                                                                                                                                                                 c, c  Student        0   0.55, 3.78 2.0  0.37 
   1   31                12, 20                                                                                                                                                                                                                 c, c  Student        0   0.54, 5.16 2.0  0.37 
   1   32                41, 43                                                                                                                                                                                                                 c, c  Student        0   0.60, 5.59 2.0  0.41 
   1   33                15, 20                                                                                                                                                                                                                 c, c  Student        0   0.43, 5.12 2.0  0.28 
   1   34                26, 43                                                                                                                                                                                                                 c, c  Student        0  0.05, 14.96 2.0  0.03 
   1   35                 3, 54                                                                                                                                                                                                                 c, c  Student        0  0.14, 20.89 2.0  0.09 
   1   36                31, 50                                                                                                                                                                                                                 c, c  Student        0  0.07, 12.04 2.0  0.05 
   1   37                 54, 1                                                                                                                                                                                                                 c, c  Student        0   0.22, 9.09 2.0  0.14 
   1   38                13, 22                                                                                                                                                                                                                 c, c  Student        0  0.08, 11.02 2.0  0.05 
   1   39                 40, 1                                                                                                                                                                                                                 c, c  Student        0   0.24, 6.67 2.0  0.16 
   1   40                46, 20                                                                                                                                                                                                                 c, c  Student        0   0.61, 4.39 2.0  0.42 
   1   41                22, 43                                                                                                                                                                                                                 c, c  Student        0   0.24, 6.09 2.0  0.15 
   1   42                20, 43                                                                                                                                                                                                                 c, c  Student        0   0.75, 4.71 2.0  0.54 
   1   43                42, 43                                                                                                                                                                                                                 c, c  Student        0   0.31, 7.76 2.0  0.20 
   1   44                34, 43                                                                                                                                                                                                                 c, c  Student        0   0.74, 4.91 2.0  0.53 
   1   45                 1, 43                                                                                                                                                                                                                 c, c  Student        0   0.74, 4.07 2.0  0.53 
   1   46                14, 30                                                                                                                                                                                                                 c, c  Student        0   0.44, 7.02 2.0  0.29 
   1   47                 9, 49                                                                                                                                                                                                                 c, c  Student        0  0.07, 13.46 2.0  0.04 
   1   48                43, 50                                                                                                                                                                                                                 c, c  Student        0   0.50, 6.12 2.0  0.33 
   1   49                39, 45                                                                                                                                                                                                                 c, c  Student        0  0.45, 10.77 2.0  0.30 
   1   50                30, 50                                                                                                                                                                                                                 c, c  Student        0   0.62, 5.41 2.0  0.43 
   1   51                49, 45                                                                                                                                                                                                                 c, c  Student        0   0.49, 8.20 2.0  0.32 
   1   52                50, 52                                                                                                                                                                                                                 c, c  Student        0   0.68, 6.66 2.0  0.48 
   1   53                45, 55                                                                                                                                                                                                                 c, c  Student        0   0.48, 6.49 2.0  0.32 
   1   54                52, 55                                                                                                                                                                                                                 c, c  Student        0   0.57, 5.44 2.0  0.39 
   2    1                 6, 18                                                                                                                                                                                                         19      c, c  Student        0  0.02, 14.31 2.0  0.02 
   2    2                 19, 2                                                                                                                                                                                                         18      c, c Gaussian        0         0.00 1.0  0.00 
   2    3                 4, 20                                                                                                                                                                                                         12      c, c  Student        0  0.05, 14.62 2.0  0.03 
   2    4                18, 32                                                                                                                                                                                                          2      c, c Gaussian        0        -0.00 1.0 -0.00 
   2    5                 2, 27                                                                                                                                                                                                         32      c, c Gaussian        0         0.01 1.0  0.01 
   2    6                 21, 5                                                                                                                                                                                                          7      c, c  Student        0   0.08, 8.85 2.0  0.05 
   2    7                 7, 25                                                                                                                                                                                                          5      c, c  Student        0  -0.10, 6.61 2.0 -0.06 
   2    8                 5, 11                                                                                                                                                                                                         25      c, c  Student        0  0.04, 14.06 2.0  0.03 
   2    9                11, 24                                                                                                                                                                                                         25      c, c  Student        0 -0.03, 22.87 2.0 -0.02 
   2   10                25, 43                                                                                                                                                                                                         24      c, c  Student        0  0.05, 10.53 2.0  0.03 
   2   11                17, 43                                                                                                                                                                                                         41      c, c  Student        0  0.11, 11.71 2.0  0.07 
   2   12                36, 43                                                                                                                                                                                                         24      c, c  Student        0  0.17, 11.89 2.0  0.11 
   2   13                44, 41                                                                                                                                                                                                         35      c, c Gaussian        0         0.01 1.0  0.01 
   2   14                35, 43                                                                                                                                                                                                         41      c, c Gaussian        0         0.10 1.0  0.06 
   2   15                29, 41                                                                                                                                                                                                         37      c, c  Student        0  0.19, 16.81 2.0  0.12 
   2   16                 8, 37                                                                                                                                                                                                         41      c, c  Student        0  0.19, 10.92 2.0  0.12 
   2   17                37, 43                                                                                                                                                                                                         41      c, c  Student        0   0.19, 8.17 2.0  0.12 
   2   18                23, 46                                                                                                                                                                                                         20      c, c  Student        0  0.05, 16.66 2.0  0.03 
   2   19                27, 46                                                                                                                                                                                                         32      c, c  Student        0  0.02, 15.45 2.0  0.01 
   2   20                48, 32                                                                                                                                                                                                         46      c, c  Student        0  0.13, 11.59 2.0  0.08 
   2   21                47, 32                                                                                                                                                                                                         46      c, c  Student        0  0.15, 11.50 2.0  0.10 
   2   22                38, 46                                                                                                                                                                                                         20      c, c  Student        0   0.29, 7.03 2.0  0.19 
   2   23                51, 33                                                                                                                                                                                                         53      c, c  Student        0  0.19, 20.05 2.0  0.12 
   2   24                53, 43                                                                                                                                                                                                         33      c, c  Student        0  0.23, 10.30 2.0  0.15 
   2   25                28, 43                                                                                                                                                                                                         34      c, c Gaussian        0         0.07 1.0  0.04 
   2   26                33, 41                                                                                                                                                                                                         43      c, c  Student        0  0.22, 13.96 2.0  0.14 
   2   27                10, 30                                                                                                                                                                                                         50      c, c  Student        0  0.04, 24.44 2.0  0.02 
   2   28                24, 41                                                                                                                                                                                                         43      c, c  Student        0   0.28, 7.26 2.0  0.18 
   2   29                32, 16                                                                                                                                                                                                         46      c, c  Student        0   0.28, 9.35 2.0  0.18 
   2   30                16, 20                                                                                                                                                                                                         46      c, c  Student        0   0.25, 7.21 2.0  0.16 
   2   31                12, 46                                                                                                                                                                                                         20      c, c  Student        0   0.31, 7.37 2.0  0.20 
   2   32                41, 20                                                                                                                                                                                                         43      c, c  Student        0   0.29, 8.32 2.0  0.19 
   2   33                15, 46                                                                                                                                                                                                         20      c, c  Student        0   0.18, 8.68 2.0  0.12 
   2   34                26, 22                                                                                                                                                                                                         43      c, c Gaussian        0         0.05 1.0  0.03 
   2   35                  3, 1                                                                                                                                                                                                         54      c, c  Student        0  0.11, 10.38 2.0  0.07 
   2   36                31, 43                                                                                                                                                                                                         50      c, c  Student        0  0.04, 14.19 2.0  0.03 
   2   37                54, 40                                                                                                                                                                                                          1      c, c  Student        0   0.15, 9.60 2.0  0.10 
   2   38                13, 43                                                                                                                                                                                                         22      c, c  Student        0  0.02, 11.62 2.0  0.01 
   2   39                40, 43                                                                                                                                                                                                          1      c, c  Student        0  0.09, 13.02 2.0  0.06 
   2   40                46, 43                                                                                                                                                                                                         20      c, c  Student        0   0.28, 8.10 2.0  0.18 
   2   41                22, 42                                                                                                                                                                                                         43      c, c  Student        0   0.15, 7.58 2.0  0.09 
   2   42                20, 34                                                                                                                                                                                                         43      c, c  Student        0   0.35, 6.13 2.0  0.23 
   2   43                42, 50                                                                                                                                                                                                         43      c, c  Student        0  0.16, 11.14 2.0  0.10 
   2   44                 34, 1                                                                                                                                                                                                         43      c, c  Student        0   0.37, 6.15 2.0  0.24 
   2   45                 1, 50                                                                                                                                                                                                         43      c, c  Student        0   0.22, 9.83 2.0  0.14 
   2   46                14, 50                                                                                                                                                                                                         30      c, c  Student        0   0.23, 9.88 2.0  0.15 
   2   47                 9, 45                                                                                                                                                                                                         49      c, c  Student        0  0.04, 17.98 2.0  0.02 
   2   48                43, 30                                                                                                                                                                                                         50      c, c  Student        0  0.24, 10.11 2.0  0.16 
   2   49                39, 49                                                                                                                                                                                                         45      c, c  Student        0  0.29, 10.04 2.0  0.19 
   2   50                30, 52                                                                                                                                                                                                         50      c, c  Student        0   0.32, 9.74 2.0  0.21 
   2   51                49, 55                                                                                                                                                                                                         45      c, c  Student        0  0.24, 10.83 2.0  0.16 
   2   52                50, 55                                                                                                                                                                                                         52      c, c  Student        0  0.29, 10.68 2.0  0.19 
   2   53                45, 52                                                                                                                                                                                                         55      c, c  Student        0   0.23, 7.42 2.0  0.15 
   3    1                  6, 2                                                                                                                                                                                                     18, 19      c, c  Student        0  0.02, 25.28 2.0  0.01 
   3    2                19, 32                                                                                                                                                                                                      2, 18      c, c Gaussian        0         0.02 1.0  0.01 
   3    3                 4, 46                                                                                                                                                                                                     20, 12      c, c  Student        0  0.02, 23.81 2.0  0.01 
   3    4                18, 27                                                                                                                                                                                                      32, 2      c, c Gaussian        0         0.02 1.0  0.01 
   3    5                 2, 46                                                                                                                                                                                                     27, 32      c, c Gaussian        0         0.01 1.0  0.01 
   3    6                21, 25                                                                                                                                                                                                       5, 7      c, c  Student        0 -0.03, 12.22 2.0 -0.02 
   3    7                 7, 11                                                                                                                                                                                                      25, 5      c, c  Student        0  0.03, 15.99 2.0  0.02 
   3    8                 5, 24                                                                                                                                                                                                     11, 25      c, c  Student        0  0.04, 17.34 2.0  0.02 
   3    9                11, 43                                                                                                                                                                                                     24, 25      c, c  Student        0  -0.06, 8.85 2.0 -0.04 
   3   10                25, 36                                                                                                                                                                                                     43, 24      c, c Gaussian        0         0.02 1.0  0.01 
   3   11                17, 24                                                                                                                                                                                                     43, 41      c, c  Student        0  0.10, 10.28 2.0  0.06 
   3   12                36, 41                                                                                                                                                                                                     43, 24      c, c  Student        0  0.14, 14.26 2.0  0.09 
   3   13                44, 43                                                                                                                                                                                                     41, 35      c, c Gaussian        0         0.00 1.0  0.00 
   3   14                35, 37                                                                                                                                                                                                     43, 41      c, c  Student        0   0.08, 9.69 2.0  0.05 
   3   15                 29, 8                                                                                                                                                                                                     41, 37      c, c Gaussian        0         0.11 1.0  0.07 
   3   16                 8, 43                                                                                                                                                                                                     37, 41      c, c  Student        0  0.12, 11.42 2.0  0.08 
   3   17                37, 24                                                                                                                                                                                                     43, 41      c, c  Student        0  0.13, 13.36 2.0  0.08 
   3   18                23, 38                                                                                                                                                                                                     46, 20      c, c  Student        0  0.03, 18.81 2.0  0.02 
   3   19                27, 48                                                                                                                                                                                                     46, 32      c, c  Student        0  0.02, 22.64 2.0  0.02 
   3   20                48, 47                                                                                                                                                                                                     32, 46      c, c  Student        0  0.08, 16.15 2.0  0.05 
   3   21                47, 16                                                                                                                                                                                                     32, 46      c, c  Student        0  0.09, 12.70 2.0  0.06 
   3   22                38, 16                                                                                                                                                                                                     46, 20      c, c  Student        0   0.25, 7.60 2.0  0.16 
   3   23                51, 43                                                                                                                                                                                                     33, 53      c, c  Student        0  0.11, 17.34 2.0  0.07 
   3   24                53, 41                                                                                                                                                                                                     43, 33      c, c  Student        0  0.16, 15.00 2.0  0.10 
   3   25                28, 20                                                                                                                                                                                                     43, 34      c, c Gaussian        0         0.04 1.0  0.03 
   3   26                33, 24                                                                                                                                                                                                     41, 43      c, c  Student        0   0.13, 9.56 2.0  0.09 
   3   27                10, 43                                                                                                                                                                                                     30, 50      c, c  Student        0  0.02, 19.19 2.0  0.01 
   3   28                24, 20                                                                                                                                                                                                     41, 43      c, c  Student        0  0.16, 11.29 2.0  0.10 
   3   29                32, 20                                                                                                                                                                                                     16, 46      c, c  Student        0   0.19, 8.98 2.0  0.12 
   3   30                16, 12                                                                                                                                                                                                     20, 46      c, c  Student        0  0.16, 13.01 2.0  0.10 
   3   31                12, 43                                                                                                                                                                                                     46, 20      c, c  Student        0  0.18, 10.34 2.0  0.12 
   3   32                41, 46                                                                                                                                                                                                     20, 43      c, c  Student        0   0.28, 9.14 2.0  0.18 
   3   33                15, 43                                                                                                                                                                                                     46, 20      c, c  Student        0  0.14, 10.97 2.0  0.09 
   3   34                26, 42                                                                                                                                                                                                     22, 43      c, c  Student        0 -0.01, 17.55 2.0 -0.01 
   3   35                 3, 40                                                                                                                                                                                                      1, 54      c, c Gaussian        0         0.07 1.0  0.04 
   3   36                31, 42                                                                                                                                                                                                     43, 50      c, c Gaussian        0         0.03 1.0  0.02 
   3   37                54, 43                                                                                                                                                                                                      40, 1      c, c Gaussian        0         0.06 1.0  0.04 
   3   38                13, 42                                                                                                                                                                                                     43, 22      c, c Gaussian        0         0.03 1.0  0.02 
   3   39                40, 50                                                                                                                                                                                                      43, 1      c, c  Student        0  0.09, 10.06 2.0  0.06 
   3   40                46, 34                                                                                                                                                                                                     43, 20      c, c  Student        0  0.16, 10.25 2.0  0.10 
   3   41                22, 50                                                                                                                                                                                                     42, 43      c, c  Student        0  0.07, 12.07 2.0  0.04 
   3   42                 20, 1                                                                                                                                                                                                     34, 43      c, c  Student        0   0.25, 9.36 2.0  0.16 
   3   43                 42, 1                                                                                                                                                                                                     50, 43      c, c  Student        0  0.07, 12.12 2.0  0.04 
   3   44                34, 50                                                                                                                                                                                                      1, 43      c, c  Student        0  0.14, 17.11 2.0  0.09 
   3   45                 1, 30                                                                                                                                                                                                     50, 43      c, c  Student        0  0.11, 16.35 2.0  0.07 
   3   46                14, 43                                                                                                                                                                                                     50, 30      c, c  Student        0  0.19, 11.71 2.0  0.12 
   3   47                 9, 39                                                                                                                                                                                                     45, 49      c, c Gaussian        0         0.02 1.0  0.01 
   3   48                43, 52                                                                                                                                                                                                     30, 50      c, c  Student        0  0.16, 10.54 2.0  0.10 
   3   49                39, 55                                                                                                                                                                                                     49, 45      c, c  Student        0  0.19, 22.36 2.0  0.12 
   3   50                30, 55                                                                                                                                                                                                     52, 50      c, c  Student        0  0.24, 15.17 2.0  0.16 
   3   51                49, 52                                                                                                                                                                                                     55, 45      c, c  Student        0  0.17, 16.17 2.0  0.11 
   3   52                50, 45                                                                                                                                                                                                     55, 52      c, c  Student        0  0.15, 11.24 2.0  0.10 
   4    1                 6, 32                                                                                                                                                                                                  2, 18, 19      c, c Gaussian        0         0.00 1.0  0.00 
   4    2                19, 27                                                                                                                                                                                                  32, 2, 18      c, c Gaussian        0         0.01 1.0  0.01 
   4    3                 4, 16                                                                                                                                                                                                 46, 20, 12      c, c Gaussian        0         0.03 1.0  0.02 
   4    4                18, 46                                                                                                                                                                                                  27, 32, 2      c, c Gaussian        0         0.01 1.0  0.00 
   4    5                 2, 48                                                                                                                                                                                                 46, 27, 32      c, c Gaussian        0         0.01 1.0  0.01 
   4    6                21, 11                                                                                                                                                                                                   25, 5, 7      c, c Gaussian        0        -0.01 1.0 -0.00 
   4    7                 7, 24                                                                                                                                                                                                  11, 25, 5      c, c Gaussian        0         0.02 1.0  0.01 
   4    8                 5, 43                                                                                                                                                                                                 24, 11, 25      c, c  Student        0  0.12, 10.56 2.0  0.08 
   4    9                11, 36                                                                                                                                                                                                 43, 24, 25      c, c  Student        0  0.05, 14.98 2.0  0.03 
   4   10                25, 41                                                                                                                                                                                                 36, 43, 24      c, c  Student        0  0.00, 10.77 2.0  0.00 
   4   11                17, 36                                                                                                                                                                                                 24, 43, 41      c, c  Student        0  0.07, 15.29 2.0  0.05 
   4   12                36, 33                                                                                                                                                                                                 41, 43, 24      c, c  Student        0  0.07, 16.41 2.0  0.04 
   4   13                44, 37                                                                                                                                                                                                 43, 41, 35      c, c Gaussian        0         0.02 1.0  0.01 
   4   14                35, 24                                                                                                                                                                                                 37, 43, 41      c, c  Student        0  0.07, 11.97 2.0  0.04 
   4   15                29, 43                                                                                                                                                                                                  8, 41, 37      c, c  Student        0  0.05, 21.85 2.0  0.03 
   4   16                 8, 24                                                                                                                                                                                                 43, 37, 41      c, c  Student        0  0.09, 10.84 2.0  0.06 
   4   17                37, 20                                                                                                                                                                                                 24, 43, 41      c, c  Student        0  0.08, 12.94 2.0  0.05 
   4   18                23, 16                                                                                                                                                                                                 38, 46, 20      c, c Gaussian        0         0.01 1.0  0.01 
   4   19                27, 47                                                                                                                                                                                                 48, 46, 32      c, c Gaussian        0         0.03 1.0  0.02 
   4   20                48, 16                                                                                                                                                                                                 47, 32, 46      c, c  Student        0  0.07, 14.24 2.0  0.05 
   4   21                47, 20                                                                                                                                                                                                 16, 32, 46      c, c  Student        0  0.06, 14.51 2.0  0.04 
   4   22                38, 32                                                                                                                                                                                                 16, 46, 20      c, c  Student        0  0.13, 10.98 2.0  0.08 
   4   23                51, 41                                                                                                                                                                                                 43, 33, 53      c, c Gaussian        0         0.06 1.0  0.04 
   4   24                53, 24                                                                                                                                                                                                 41, 43, 33      c, c  Student        0  0.02, 16.49 2.0  0.02 
   4   25                28, 46                                                                                                                                                                                                 20, 43, 34      c, c Gaussian        0         0.04 1.0  0.02 
   4   26                33, 20                                                                                                                                                                                                 24, 41, 43      c, c  Student        0  0.11, 11.64 2.0  0.07 
   4   27                 10, 1                                                                                                                                                                                                 43, 30, 50      c, c Gaussian        0         0.03 1.0  0.02 
   4   28                24, 46                                                                                                                                                                                                 20, 41, 43      c, c  Student        0  0.17, 11.68 2.0  0.11 
   4   29                32, 12                                                                                                                                                                                                 20, 16, 46      c, c  Student        0  0.11, 17.50 2.0  0.07 
   4   30                16, 43                                                                                                                                                                                                 12, 20, 46      c, c  Student        0  0.08, 14.47 2.0  0.05 
   4   31                12, 41                                                                                                                                                                                                 43, 46, 20      c, c  Student        0  0.21, 11.38 2.0  0.13 
   4   32                41, 34                                                                                                                                                                                                 46, 20, 43      c, c  Student        0  0.11, 10.27 2.0  0.07 
   4   33                15, 34                                                                                                                                                                                                 43, 46, 20      c, c  Student        0  0.10, 15.82 2.0  0.06 
   4   34                26, 50                                                                                                                                                                                                 42, 22, 43      c, c Gaussian        0         0.01 1.0  0.00 
   4   35                 3, 43                                                                                                                                                                                                  40, 1, 54      c, c Gaussian        0         0.03 1.0  0.02 
   4   36                31, 22                                                                                                                                                                                                 42, 43, 50      c, c  Student        0  0.02, 23.25 2.0  0.01 
   4   37                54, 50                                                                                                                                                                                                  43, 40, 1      c, c Gaussian        0         0.08 1.0  0.05 
   4   38                13, 50                                                                                                                                                                                                 42, 43, 22      c, c Gaussian        0         0.03 1.0  0.02 
   4   39                40, 42                                                                                                                                                                                                  50, 43, 1      c, c  Student        0  0.12, 11.37 2.0  0.08 
   4   40                 46, 1                                                                                                                                                                                                 34, 43, 20      c, c  Student        0  0.11, 10.40 2.0  0.07 
   4   41                 22, 1                                                                                                                                                                                                 50, 42, 43      c, c  Student        0  0.03, 12.74 2.0  0.02 
   4   42                20, 50                                                                                                                                                                                                  1, 34, 43      c, c  Student        0  0.12, 14.71 2.0  0.08 
   4   43                42, 34                                                                                                                                                                                                  1, 50, 43      c, c  Student        0  0.05, 20.74 2.0  0.03 
   4   44                34, 30                                                                                                                                                                                                  50, 1, 43      c, c  Student        0  0.07, 16.63 2.0  0.05 
   4   45                 1, 52                                                                                                                                                                                                 30, 50, 43      c, c  Student        0  0.09, 14.82 2.0  0.06 
   4   46                14, 52                                                                                                                                                                                                 43, 50, 30      c, c  Student        0  0.07, 18.37 2.0  0.05 
   4   47                 9, 55                                                                                                                                                                                                 39, 45, 49      c, c Gaussian        0         0.02 1.0  0.01 
   4   48                43, 55                                                                                                                                                                                                 52, 30, 50      c, c  Student        0  0.20, 10.67 2.0  0.13 
   4   49                39, 52                                                                                                                                                                                                 55, 49, 45      c, c  Student        0  0.13, 18.75 2.0  0.08 
   4   50                30, 45                                                                                                                                                                                                 55, 52, 50      c, c  Student        0  0.12, 20.14 2.0  0.08 
   4   51                49, 50                                                                                                                                                                                                 52, 55, 45      c, c  Student        0  0.14, 12.80 2.0  0.09 
   5    1                 6, 27                                                                                                                                                                                              32, 2, 18, 19      c, c Gaussian        0         0.01 1.0  0.00 
   5    2                19, 46                                                                                                                                                                                              27, 32, 2, 18      c, c Gaussian        0        -0.03 1.0 -0.02 
   5    3                 4, 32                                                                                                                                                                                             16, 46, 20, 12      c, c Gaussian        0         0.01 1.0  0.01 
   5    4                18, 48                                                                                                                                                                                              46, 27, 32, 2      c, c Gaussian        0         0.01 1.0  0.01 
   5    5                 2, 47                                                                                                                                                                                             48, 46, 27, 32      c, c Gaussian        0         0.04 1.0  0.03 
   5    6                21, 24                                                                                                                                                                                               11, 25, 5, 7      c, c  Student        0  0.01, 18.78 2.0  0.00 
   5    7                 7, 43                                                                                                                                                                                              24, 11, 25, 5      c, c Gaussian        0        -0.04 1.0 -0.03 
   5    8                 5, 36                                                                                                                                                                                             43, 24, 11, 25      c, c  Student        0  0.18, 18.09 2.0  0.12 
   5    9                11, 41                                                                                                                                                                                             36, 43, 24, 25      c, c  Student        0   0.11, 8.65 2.0  0.07 
   5   10                25, 33                                                                                                                                                                                             41, 36, 43, 24      c, c  Student        0 -0.02, 13.36 2.0 -0.01 
   5   11                17, 33                                                                                                                                                                                             36, 24, 43, 41      c, c  Student        0  0.06, 15.16 2.0  0.04 
   5   12                36, 53                                                                                                                                                                                             33, 41, 43, 24      c, c Gaussian        0         0.05 1.0  0.03 
   5   13                44, 24                                                                                                                                                                                             37, 43, 41, 35      c, c Gaussian        0        -0.00 1.0 -0.00 
   5   14                 35, 8                                                                                                                                                                                             24, 37, 43, 41      c, c  Student        0  0.06, 17.13 2.0  0.04 
   5   15                29, 24                                                                                                                                                                                              43, 8, 41, 37      c, c Gaussian        0        -0.02 1.0 -0.01 
   5   16                 8, 20                                                                                                                                                                                             24, 43, 37, 41      c, c  Student        0  0.04, 16.50 2.0  0.02 
   5   17                37, 46                                                                                                                                                                                             20, 24, 43, 41      c, c  Student        0  0.09, 12.68 2.0  0.06 
   5   18                23, 32                                                                                                                                                                                             16, 38, 46, 20      c, c Gaussian        0         0.03 1.0  0.02 
   5   19                27, 16                                                                                                                                                                                             47, 48, 46, 32      c, c Gaussian        0         0.02 1.0  0.01 
   5   20                48, 20                                                                                                                                                                                             16, 47, 32, 46      c, c  Student        0  0.08, 10.70 2.0  0.05 
   5   21                47, 12                                                                                                                                                                                             20, 16, 32, 46      c, c Gaussian        0         0.08 1.0  0.05 
   5   22                38, 12                                                                                                                                                                                             32, 16, 46, 20      c, c Gaussian        0         0.07 1.0  0.04 
   5   23                51, 24                                                                                                                                                                                             41, 43, 33, 53      c, c Gaussian        0         0.02 1.0  0.01 
   5   24                53, 20                                                                                                                                                                                             24, 41, 43, 33      c, c  Student        0  0.06, 13.94 2.0  0.04 
   5   25                28, 15                                                                                                                                                                                             46, 20, 43, 34      c, c Gaussian        0         0.07 1.0  0.04 
   5   26                33, 46                                                                                                                                                                                             20, 24, 41, 43      c, c  Student        0  0.11, 11.47 2.0  0.07 
   5   27                10, 34                                                                                                                                                                                              1, 43, 30, 50      c, c Gaussian        0         0.00 1.0  0.00 
   5   28                24, 34                                                                                                                                                                                             46, 20, 41, 43      c, c  Student        0  0.12, 16.90 2.0  0.08 
   5   29                32, 43                                                                                                                                                                                             12, 20, 16, 46      c, c  Student        0  0.10, 11.61 2.0  0.06 
   5   30                16, 41                                                                                                                                                                                             43, 12, 20, 46      c, c  Student        0  0.14, 12.52 2.0  0.09 
   5   31                12, 34                                                                                                                                                                                             41, 43, 46, 20      c, c  Student        0  0.09, 11.91 2.0  0.06 
   5   32                41, 15                                                                                                                                                                                             34, 46, 20, 43      c, c  Student        0  0.08, 22.11 2.0  0.05 
   5   33                 15, 1                                                                                                                                                                                             34, 43, 46, 20      c, c  Student        0  0.08, 16.93 2.0  0.05 
   5   34                26, 31                                                                                                                                                                                             50, 42, 22, 43      c, c Gaussian        0        -0.01 1.0 -0.01 
   5   35                 3, 50                                                                                                                                                                                              43, 40, 1, 54      c, c Gaussian        0         0.07 1.0  0.04 
   5   36                31, 13                                                                                                                                                                                             22, 42, 43, 50      c, c Gaussian        0         0.05 1.0  0.03 
   5   37                54, 42                                                                                                                                                                                              50, 43, 40, 1      c, c  Student        0  0.11, 21.56 2.0  0.07 
   5   38                 13, 1                                                                                                                                                                                             50, 42, 43, 22      c, c Gaussian        0         0.02 1.0  0.02 
   5   39                40, 22                                                                                                                                                                                              42, 50, 43, 1      c, c  Student        0  0.11, 10.23 2.0  0.07 
   5   40                46, 50                                                                                                                                                                                              1, 34, 43, 20      c, c  Student        0  0.15, 13.50 2.0  0.10 
   5   41                22, 34                                                                                                                                                                                              1, 50, 42, 43      c, c Gaussian        0         0.05 1.0  0.03 
   5   42                20, 30                                                                                                                                                                                              50, 1, 34, 43      c, c  Student        0  0.09, 23.11 2.0  0.05 
   5   43                42, 30                                                                                                                                                                                              34, 1, 50, 43      c, c  Student        0  0.05, 15.34 2.0  0.03 
   5   44                34, 52                                                                                                                                                                                              30, 50, 1, 43      c, c Gaussian        0         0.06 1.0  0.04 
   5   45                 1, 55                                                                                                                                                                                             52, 30, 50, 43      c, c  Student        0  0.07, 19.73 2.0  0.04 
   5   46                14, 55                                                                                                                                                                                             52, 43, 50, 30      c, c  Student        0  0.13, 19.53 2.0  0.08 
   5   47                 9, 52                                                                                                                                                                                             55, 39, 45, 49      c, c  Student        0  0.02, 17.50 2.0  0.01 
   5   48                43, 45                                                                                                                                                                                             55, 52, 30, 50      c, c  Student        0  0.20, 12.46 2.0  0.13 
   5   49                39, 50                                                                                                                                                                                             52, 55, 49, 45      c, c  Student        0  0.07, 17.99 2.0  0.04 
   5   50                30, 49                                                                                                                                                                                             45, 55, 52, 50      c, c  Student        0  0.10, 15.36 2.0  0.06 
   6    1                 6, 46                                                                                                                                                                                          27, 32, 2, 18, 19      c, c Gaussian        0        -0.03 1.0 -0.02 
   6    2                19, 48                                                                                                                                                                                          46, 27, 32, 2, 18      c, c Gaussian        0         0.01 1.0  0.00 
   6    3                 4, 47                                                                                                                                                                                         32, 16, 46, 20, 12      c, c Gaussian        0         0.03 1.0  0.02 
   6    4                18, 47                                                                                                                                                                                          48, 46, 27, 32, 2      c, c Gaussian        0         0.02 1.0  0.01 
   6    5                 2, 16                                                                                                                                                                                         47, 48, 46, 27, 32      c, c Gaussian        0         0.01 1.0  0.01 
   6    6                21, 43                                                                                                                                                                                           24, 11, 25, 5, 7      c, c  Student        0  0.00, 22.98 2.0  0.00 
   6    7                 7, 36                                                                                                                                                                                          43, 24, 11, 25, 5      c, c  Student        0 -0.00, 18.35 2.0 -0.00 
   6    8                 5, 41                                                                                                                                                                                         36, 43, 24, 11, 25      c, c  Student        0  0.03, 15.61 2.0  0.02 
   6    9                11, 33                                                                                                                                                                                         41, 36, 43, 24, 25      c, c Gaussian        0         0.04 1.0  0.02 
   6   10                25, 17                                                                                                                                                                                         33, 41, 36, 43, 24      c, c Gaussian        0         0.02 1.0  0.01 
   6   11                17, 53                                                                                                                                                                                         33, 36, 24, 43, 41      c, c  Student        0  0.03, 17.84 2.0  0.02 
   6   12                36, 20                                                                                                                                                                                         53, 33, 41, 43, 24      c, c Gaussian        0         0.03 1.0  0.02 
   6   13                 44, 8                                                                                                                                                                                         24, 37, 43, 41, 35      c, c Gaussian        0         0.02 1.0  0.01 
   6   14                35, 29                                                                                                                                                                                          8, 24, 37, 43, 41      c, c Gaussian        0         0.03 1.0  0.02 
   6   15                29, 20                                                                                                                                                                                          24, 43, 8, 41, 37      c, c Gaussian        0         0.07 1.0  0.04 
   6   16                 8, 46                                                                                                                                                                                         20, 24, 43, 37, 41      c, c  Student        0  0.09, 13.31 2.0  0.06 
   6   17                37, 33                                                                                                                                                                                         46, 20, 24, 43, 41      c, c Gaussian        0         0.05 1.0  0.03 
   6   18                23, 12                                                                                                                                                                                         32, 16, 38, 46, 20      c, c Gaussian        0        -0.01 1.0 -0.00 
   6   19                27, 20                                                                                                                                                                                         16, 47, 48, 46, 32      c, c Gaussian        0         0.01 1.0  0.00 
   6   20                48, 12                                                                                                                                                                                         20, 16, 47, 32, 46      c, c  Student        0  0.09, 17.55 2.0  0.06 
   6   21                47, 38                                                                                                                                                                                         12, 20, 16, 32, 46      c, c Gaussian        0         0.04 1.0  0.03 
   6   22                38, 43                                                                                                                                                                                         12, 32, 16, 46, 20      c, c  Student        0  0.09, 14.16 2.0  0.06 
   6   23                51, 20                                                                                                                                                                                         24, 41, 43, 33, 53      c, c Gaussian        0         0.01 1.0  0.01 
   6   24                53, 46                                                                                                                                                                                         20, 24, 41, 43, 33      c, c  Student        0  0.10, 13.83 2.0  0.06 
   6   25                28, 41                                                                                                                                                                                         15, 46, 20, 43, 34      c, c Gaussian        0         0.03 1.0  0.02 
   6   26                33, 34                                                                                                                                                                                         46, 20, 24, 41, 43      c, c  Student        0  0.05, 15.97 2.0  0.03 
   6   27                10, 20                                                                                                                                                                                          34, 1, 43, 30, 50      c, c Gaussian        0        -0.02 1.0 -0.01 
   6   28                24, 12                                                                                                                                                                                         34, 46, 20, 41, 43      c, c  Student        0  0.07, 16.72 2.0  0.04 
   6   29                32, 41                                                                                                                                                                                         43, 12, 20, 16, 46      c, c  Student        0  0.07, 14.98 2.0  0.05 
   6   30                16, 34                                                                                                                                                                                         41, 43, 12, 20, 46      c, c  Student        0  0.05, 19.00 2.0  0.03 
   6   31                12, 15                                                                                                                                                                                         34, 41, 43, 46, 20      c, c  Student        0  0.06, 16.70 2.0  0.04 
   6   32                 41, 1                                                                                                                                                                                         15, 34, 46, 20, 43      c, c  Student        0  0.08, 17.93 2.0  0.05 
   6   33                15, 50                                                                                                                                                                                          1, 34, 43, 46, 20      c, c Gaussian        0         0.11 1.0  0.07 
   6   34                26, 13                                                                                                                                                                                         31, 50, 42, 22, 43      c, c Gaussian        0        -0.00 1.0 -0.00 
   6   35                 3, 42                                                                                                                                                                                          50, 43, 40, 1, 54      c, c  Student        0  0.06, 16.01 2.0  0.04 
   6   36                 31, 1                                                                                                                                                                                         13, 22, 42, 43, 50      c, c Gaussian        0         0.01 1.0  0.01 
   6   37                54, 22                                                                                                                                                                                          42, 50, 43, 40, 1      c, c  Student        0  0.08, 14.75 2.0  0.05 
   6   38                13, 34                                                                                                                                                                                          1, 50, 42, 43, 22      c, c Gaussian        0         0.03 1.0  0.02 
   6   39                40, 34                                                                                                                                                                                          22, 42, 50, 43, 1      c, c Gaussian        0         0.04 1.0  0.02 
   6   40                46, 30                                                                                                                                                                                          50, 1, 34, 43, 20      c, c  Student        0  0.12, 13.92 2.0  0.08 
   6   41                22, 30                                                                                                                                                                                          34, 1, 50, 42, 43      c, c Gaussian        0         0.04 1.0  0.03 
   6   42                20, 52                                                                                                                                                                                          30, 50, 1, 34, 43      c, c  Student        0  0.04, 19.83 2.0  0.03 
   6   43                42, 52                                                                                                                                                                                          30, 34, 1, 50, 43      c, c  Student        0  0.06, 14.72 2.0  0.04 
   6   44                34, 55                                                                                                                                                                                          52, 30, 50, 1, 43      c, c  Student        0  0.06, 21.68 2.0  0.04 
   6   45                 1, 45                                                                                                                                                                                         55, 52, 30, 50, 43      c, c  Student        0  0.04, 15.80 2.0  0.03 
   6   46                14, 45                                                                                                                                                                                         55, 52, 43, 50, 30      c, c  Student        0  0.18, 18.28 2.0  0.11 
   6   47                 9, 50                                                                                                                                                                                         52, 55, 39, 45, 49      c, c Gaussian        0         0.00 1.0  0.00 
   6   48                43, 49                                                                                                                                                                                         45, 55, 52, 30, 50      c, c  Student        0  0.11, 20.20 2.0  0.07 
   6   49                39, 30                                                                                                                                                                                         50, 52, 55, 49, 45      c, c  Student        0  0.07, 25.59 2.0  0.04 
   7    1                 6, 48                                                                                                                                                                                      46, 27, 32, 2, 18, 19      c, c Gaussian        0         0.04 1.0  0.03 
   7    2                19, 47                                                                                                                                                                                      48, 46, 27, 32, 2, 18      c, c Gaussian        0         0.02 1.0  0.01 
   7    3                 4, 48                                                                                                                                                                                     47, 32, 16, 46, 20, 12      c, c  Student        0  0.06, 12.04 2.0  0.04 
   7    4                18, 16                                                                                                                                                                                      47, 48, 46, 27, 32, 2      c, c Gaussian        0        -0.02 1.0 -0.01 
   7    5                 2, 20                                                                                                                                                                                     16, 47, 48, 46, 27, 32      c, c Gaussian        0         0.01 1.0  0.01 
   7    6                21, 36                                                                                                                                                                                       43, 24, 11, 25, 5, 7      c, c Gaussian        0        -0.02 1.0 -0.01 
   7    7                 7, 41                                                                                                                                                                                      36, 43, 24, 11, 25, 5      c, c  Student        0  0.05, 20.02 2.0  0.03 
   7    8                 5, 33                                                                                                                                                                                     41, 36, 43, 24, 11, 25      c, c Gaussian        0         0.08 1.0  0.05 
   7    9                11, 17                                                                                                                                                                                     33, 41, 36, 43, 24, 25      c, c Gaussian        0         0.02 1.0  0.01 
   7   10                25, 53                                                                                                                                                                                     17, 33, 41, 36, 43, 24      c, c  Student        0  0.01, 14.34 2.0  0.00 
   7   11                17, 20                                                                                                                                                                                     53, 33, 36, 24, 43, 41      c, c Gaussian        0        -0.00 1.0 -0.00 
   7   12                36, 46                                                                                                                                                                                     20, 53, 33, 41, 43, 24      c, c  Student        0  0.07, 25.67 2.0  0.05 
   7   13                44, 29                                                                                                                                                                                      8, 24, 37, 43, 41, 35      c, c Gaussian        0        -0.01 1.0 -0.01 
   7   14                35, 20                                                                                                                                                                                      29, 8, 24, 37, 43, 41      c, c Gaussian        0         0.02 1.0  0.01 
   7   15                29, 46                                                                                                                                                                                      20, 24, 43, 8, 41, 37      c, c  Student        0  0.06, 23.20 2.0  0.04 
   7   16                 8, 33                                                                                                                                                                                     46, 20, 24, 43, 37, 41      c, c Gaussian        0         0.05 1.0  0.03 
   7   17                37, 53                                                                                                                                                                                     33, 46, 20, 24, 43, 41      c, c  Student        0  0.02, 14.80 2.0  0.02 
   7   18                23, 47                                                                                                                                                                                     12, 32, 16, 38, 46, 20      c, c Gaussian        0         0.05 1.0  0.03 
   7   19                27, 12                                                                                                                                                                                     20, 16, 47, 48, 46, 32      c, c Gaussian        0         0.00 1.0  0.00 
   7   20                48, 38                                                                                                                                                                                     12, 20, 16, 47, 32, 46      c, c  Student        0  0.03, 18.19 2.0  0.02 
   7   21                47, 43                                                                                                                                                                                     38, 12, 20, 16, 32, 46      c, c Gaussian        0         0.02 1.0  0.01 
   7   22                38, 41                                                                                                                                                                                     43, 12, 32, 16, 46, 20      c, c  Student        0  0.08, 13.08 2.0  0.05 
   7   23                51, 46                                                                                                                                                                                     20, 24, 41, 43, 33, 53      c, c Gaussian        0         0.02 1.0  0.01 
   7   24                53, 34                                                                                                                                                                                     46, 20, 24, 41, 43, 33      c, c Gaussian        0         0.01 1.0  0.01 
   7   25                28, 12                                                                                                                                                                                     41, 15, 46, 20, 43, 34      c, c Gaussian        0         0.05 1.0  0.03 
   7   26                33, 12                                                                                                                                                                                     34, 46, 20, 24, 41, 43      c, c Gaussian        0         0.06 1.0  0.04 
   7   27                10, 46                                                                                                                                                                                      20, 34, 1, 43, 30, 50      c, c Gaussian        0         0.01 1.0  0.01 
   7   28                24, 16                                                                                                                                                                                     12, 34, 46, 20, 41, 43      c, c  Student        0  0.06, 14.19 2.0  0.04 
   7   29                32, 34                                                                                                                                                                                     41, 43, 12, 20, 16, 46      c, c  Student        0  0.05, 15.39 2.0  0.03 
   7   30                16, 15                                                                                                                                                                                     34, 41, 43, 12, 20, 46      c, c  Student        0  0.09, 12.94 2.0  0.06 
   7   31                 12, 1                                                                                                                                                                                     15, 34, 41, 43, 46, 20      c, c  Student        0  0.06, 21.69 2.0  0.04 
   7   32                41, 50                                                                                                                                                                                      1, 15, 34, 46, 20, 43      c, c  Student        0  0.09, 16.73 2.0  0.06 
   7   33                15, 30                                                                                                                                                                                      50, 1, 34, 43, 46, 20      c, c  Student        0  0.05, 26.55 2.0  0.03 
   7   34                 26, 1                                                                                                                                                                                     13, 31, 50, 42, 22, 43      c, c Gaussian        0        -0.00 1.0 -0.00 
   7   35                 3, 22                                                                                                                                                                                      42, 50, 43, 40, 1, 54      c, c Gaussian        0         0.05 1.0  0.03 
   7   36                31, 34                                                                                                                                                                                      1, 13, 22, 42, 43, 50      c, c  Student        0 -0.00, 14.72 2.0 -0.00 
   7   37                54, 34                                                                                                                                                                                      22, 42, 50, 43, 40, 1      c, c Gaussian        0         0.01 1.0  0.00 
   7   38                13, 30                                                                                                                                                                                      34, 1, 50, 42, 43, 22      c, c Gaussian        0         0.03 1.0  0.02 
   7   39                40, 30                                                                                                                                                                                      34, 22, 42, 50, 43, 1      c, c  Student        0  0.03, 20.36 2.0  0.02 
   7   40                46, 52                                                                                                                                                                                      30, 50, 1, 34, 43, 20      c, c  Student        0  0.05, 17.77 2.0  0.03 
   7   41                22, 52                                                                                                                                                                                      30, 34, 1, 50, 42, 43      c, c  Student        0  0.02, 24.00 2.0  0.01 
   7   42                20, 55                                                                                                                                                                                      52, 30, 50, 1, 34, 43      c, c  Student        0  0.07, 16.47 2.0  0.04 
   7   43                42, 55                                                                                                                                                                                      52, 30, 34, 1, 50, 43      c, c  Student        0  0.04, 20.59 2.0  0.02 
   7   44                34, 45                                                                                                                                                                                      55, 52, 30, 50, 1, 43      c, c  Student        0  0.07, 21.01 2.0  0.04 
   7   45                 1, 49                                                                                                                                                                                     45, 55, 52, 30, 50, 43      c, c Gaussian        0         0.03 1.0  0.02 
   7   46                14, 49                                                                                                                                                                                     45, 55, 52, 43, 50, 30      c, c Gaussian        0         0.09 1.0  0.06 
   7   47                 9, 30                                                                                                                                                                                     50, 52, 55, 39, 45, 49      c, c Gaussian        0         0.00 1.0  0.00 
   7   48                43, 39                                                                                                                                                                                     49, 45, 55, 52, 30, 50      c, c  Student        0  0.06, 15.93 2.0  0.04 
   8    1                 6, 47                                                                                                                                                                                  48, 46, 27, 32, 2, 18, 19      c, c Gaussian        0         0.04 1.0  0.03 
   8    2                19, 16                                                                                                                                                                                  47, 48, 46, 27, 32, 2, 18      c, c  Student        0 -0.03, 28.56 2.0 -0.02 
   8    3                 4, 27                                                                                                                                                                                 48, 47, 32, 16, 46, 20, 12      c, c  Student        0  0.03, 15.14 2.0  0.02 
   8    4                18, 20                                                                                                                                                                                  16, 47, 48, 46, 27, 32, 2      c, c Gaussian        0        -0.01 1.0 -0.01 
   8    5                 2, 12                                                                                                                                                                                 20, 16, 47, 48, 46, 27, 32      c, c Gaussian        0         0.01 1.0  0.01 
   8    6                21, 41                                                                                                                                                                                   36, 43, 24, 11, 25, 5, 7      c, c Gaussian        0        -0.01 1.0 -0.01 
   8    7                 7, 33                                                                                                                                                                                  41, 36, 43, 24, 11, 25, 5      c, c Gaussian        0         0.04 1.0  0.03 
   8    8                 5, 17                                                                                                                                                                                 33, 41, 36, 43, 24, 11, 25      c, c  Student        0  0.08, 25.31 2.0  0.05 
   8    9                11, 53                                                                                                                                                                                 17, 33, 41, 36, 43, 24, 25      c, c Gaussian        0         0.01 1.0  0.01 
   8   10                25, 20                                                                                                                                                                                 53, 17, 33, 41, 36, 43, 24      c, c  Student        0 -0.02, 10.35 2.0 -0.02 
   8   11                17, 46                                                                                                                                                                                 20, 53, 33, 36, 24, 43, 41      c, c  Student        0  0.04, 23.19 2.0  0.02 
   8   12                36, 37                                                                                                                                                                                 46, 20, 53, 33, 41, 43, 24      c, c  Student        0  0.05, 21.90 2.0  0.03 
   8   13                44, 20                                                                                                                                                                                  29, 8, 24, 37, 43, 41, 35      c, c Gaussian        0         0.01 1.0  0.01 
   8   14                35, 46                                                                                                                                                                                  20, 29, 8, 24, 37, 43, 41      c, c Gaussian        0         0.05 1.0  0.03 
   8   15                29, 33                                                                                                                                                                                  46, 20, 24, 43, 8, 41, 37      c, c  Student        0  0.01, 26.77 2.0  0.00 
   8   16                 8, 53                                                                                                                                                                                 33, 46, 20, 24, 43, 37, 41      c, c Gaussian        0         0.05 1.0  0.03 
   8   17                37, 51                                                                                                                                                                                 53, 33, 46, 20, 24, 43, 41      c, c  Student        0  0.06, 24.81 2.0  0.04 
   8   18                23, 48                                                                                                                                                                                 47, 12, 32, 16, 38, 46, 20      c, c Gaussian        0         0.07 1.0  0.05 
   8   19                27, 38                                                                                                                                                                                 12, 20, 16, 47, 48, 46, 32      c, c Gaussian        0         0.01 1.0  0.01 
   8   20                48, 43                                                                                                                                                                                 38, 12, 20, 16, 47, 32, 46      c, c  Student        0  0.03, 20.62 2.0  0.02 
   8   21                47, 41                                                                                                                                                                                 43, 38, 12, 20, 16, 32, 46      c, c  Student        0  0.04, 15.19 2.0  0.03 
   8   22                38, 34                                                                                                                                                                                 41, 43, 12, 32, 16, 46, 20      c, c Gaussian        0         0.03 1.0  0.02 
   8   23                51, 34                                                                                                                                                                                 46, 20, 24, 41, 43, 33, 53      c, c Gaussian        0         0.03 1.0  0.02 
   8   24                53, 12                                                                                                                                                                                 34, 46, 20, 24, 41, 43, 33      c, c  Student        0  0.07, 21.75 2.0  0.05 
   8   25                28, 16                                                                                                                                                                                 12, 41, 15, 46, 20, 43, 34      c, c  Student        0  0.04, 24.28 2.0  0.02 
   8   26                33, 16                                                                                                                                                                                 12, 34, 46, 20, 24, 41, 43      c, c  Student        0  0.05, 17.96 2.0  0.03 
   8   27                10, 15                                                                                                                                                                                  46, 20, 34, 1, 43, 30, 50      c, c Gaussian        0         0.02 1.0  0.01 
   8   28                24, 32                                                                                                                                                                                 16, 12, 34, 46, 20, 41, 43      c, c  Student        0  0.08, 11.53 2.0  0.05 
   8   29                32, 15                                                                                                                                                                                 34, 41, 43, 12, 20, 16, 46      c, c  Student        0  0.03, 18.21 2.0  0.02 
   8   30                 16, 1                                                                                                                                                                                 15, 34, 41, 43, 12, 20, 46      c, c  Student        0  0.06, 21.09 2.0  0.04 
   8   31                12, 50                                                                                                                                                                                  1, 15, 34, 41, 43, 46, 20      c, c  Student        0  0.13, 24.73 2.0  0.08 
   8   32                41, 30                                                                                                                                                                                  50, 1, 15, 34, 46, 20, 43      c, c  Student        0  0.08, 20.72 2.0  0.05 
   8   33                15, 52                                                                                                                                                                                  30, 50, 1, 34, 43, 46, 20      c, c Gaussian        0         0.02 1.0  0.01 
   8   34                26, 34                                                                                                                                                                                  1, 13, 31, 50, 42, 22, 43      c, c Gaussian        0         0.02 1.0  0.01 
   8   35                 3, 34                                                                                                                                                                                  22, 42, 50, 43, 40, 1, 54      c, c Gaussian        0         0.01 1.0  0.01 
   8   36                31, 30                                                                                                                                                                                  34, 1, 13, 22, 42, 43, 50      c, c Gaussian        0         0.02 1.0  0.01 
   8   37                54, 30                                                                                                                                                                                  34, 22, 42, 50, 43, 40, 1      c, c Gaussian        0         0.02 1.0  0.01 
   8   38                13, 52                                                                                                                                                                                  30, 34, 1, 50, 42, 43, 22      c, c Gaussian        0        -0.02 1.0 -0.01 
   8   39                40, 52                                                                                                                                                                                  30, 34, 22, 42, 50, 43, 1      c, c Gaussian        0         0.04 1.0  0.03 
   8   40                46, 55                                                                                                                                                                                  52, 30, 50, 1, 34, 43, 20      c, c  Student        0  0.07, 14.54 2.0  0.05 
   8   41                22, 55                                                                                                                                                                                  52, 30, 34, 1, 50, 42, 43      c, c  Student        0  0.03, 20.03 2.0  0.02 
   8   42                20, 45                                                                                                                                                                                  55, 52, 30, 50, 1, 34, 43      c, c  Student        0  0.07, 17.37 2.0  0.05 
   8   43                42, 45                                                                                                                                                                                  55, 52, 30, 34, 1, 50, 43      c, c  Student        0  0.06, 24.82 2.0  0.04 
   8   44                34, 49                                                                                                                                                                                  45, 55, 52, 30, 50, 1, 43      c, c Gaussian        0        -0.00 1.0 -0.00 
   8   45                 1, 14                                                                                                                                                                                 49, 45, 55, 52, 30, 50, 43      c, c Gaussian        0         0.01 1.0  0.00 
   8   46                14, 39                                                                                                                                                                                 49, 45, 55, 52, 43, 50, 30      c, c  Student        0  0.07, 18.34 2.0  0.04 
   8   47                 9, 43                                                                                                                                                                                 30, 50, 52, 55, 39, 45, 49      c, c Gaussian        0         0.01 1.0  0.01 
   9    1                 6, 16                                                                                                                                                                              47, 48, 46, 27, 32, 2, 18, 19      c, c Gaussian        0         0.02 1.0  0.01 
   9    2                19, 20                                                                                                                                                                              16, 47, 48, 46, 27, 32, 2, 18      c, c Gaussian        0        -0.00 1.0 -0.00 
   9    3                  4, 2                                                                                                                                                                             27, 48, 47, 32, 16, 46, 20, 12      c, c Gaussian        0         0.04 1.0  0.02 
   9    4                18, 12                                                                                                                                                                              20, 16, 47, 48, 46, 27, 32, 2      c, c Gaussian        0         0.02 1.0  0.02 
   9    5                 2, 38                                                                                                                                                                             12, 20, 16, 47, 48, 46, 27, 32      c, c Gaussian        0        -0.01 1.0 -0.01 
   9    6                21, 33                                                                                                                                                                               41, 36, 43, 24, 11, 25, 5, 7      c, c Gaussian        0        -0.00 1.0 -0.00 
   9    7                 7, 17                                                                                                                                                                              33, 41, 36, 43, 24, 11, 25, 5      c, c Gaussian        0         0.03 1.0  0.02 
   9    8                 5, 53                                                                                                                                                                             17, 33, 41, 36, 43, 24, 11, 25      c, c Gaussian        0         0.02 1.0  0.01 
   9    9                11, 20                                                                                                                                                                             53, 17, 33, 41, 36, 43, 24, 25      c, c Gaussian        0        -0.05 1.0 -0.03 
   9   10                25, 46                                                                                                                                                                             20, 53, 17, 33, 41, 36, 43, 24      c, c  Student        0 -0.01, 26.09 2.0 -0.00 
   9   11                17, 37                                                                                                                                                                             46, 20, 53, 33, 36, 24, 43, 41      c, c  Student        0  0.05, 10.03 2.0  0.03 
   9   12                 36, 8                                                                                                                                                                             37, 46, 20, 53, 33, 41, 43, 24      c, c  Student        0  0.07, 20.77 2.0  0.05 
   9   13                44, 46                                                                                                                                                                              20, 29, 8, 24, 37, 43, 41, 35      c, c Gaussian        0         0.00 1.0  0.00 
   9   14                35, 33                                                                                                                                                                              46, 20, 29, 8, 24, 37, 43, 41      c, c  Student        0  0.04, 21.20 2.0  0.02 
   9   15                29, 53                                                                                                                                                                              33, 46, 20, 24, 43, 8, 41, 37      c, c Gaussian        0         0.05 1.0  0.03 
   9   16                 8, 51                                                                                                                                                                             53, 33, 46, 20, 24, 43, 37, 41      c, c Gaussian        0        -0.02 1.0 -0.01 
   9   17                37, 34                                                                                                                                                                             51, 53, 33, 46, 20, 24, 43, 41      c, c Gaussian        0         0.02 1.0  0.01 
   9   18                23, 27                                                                                                                                                                             48, 47, 12, 32, 16, 38, 46, 20      c, c  Student        0  0.04, 14.54 2.0  0.03 
   9   19                27, 43                                                                                                                                                                             38, 12, 20, 16, 47, 48, 46, 32      c, c Gaussian        0         0.02 1.0  0.01 
   9   20                48, 41                                                                                                                                                                             43, 38, 12, 20, 16, 47, 32, 46      c, c  Student        0  0.04, 17.63 2.0  0.02 
   9   21                47, 34                                                                                                                                                                             41, 43, 38, 12, 20, 16, 32, 46      c, c  Student        0 -0.00, 24.70 2.0 -0.00 
   9   22                38, 24                                                                                                                                                                             34, 41, 43, 12, 32, 16, 46, 20      c, c Gaussian        0         0.07 1.0  0.04 
   9   23                51, 12                                                                                                                                                                             34, 46, 20, 24, 41, 43, 33, 53      c, c Gaussian        0        -0.00 1.0 -0.00 
   9   24                53, 16                                                                                                                                                                             12, 34, 46, 20, 24, 41, 43, 33      c, c  Student        0  0.08, 24.77 2.0  0.05 
   9   25                28, 32                                                                                                                                                                             16, 12, 41, 15, 46, 20, 43, 34      c, c Gaussian        0         0.02 1.0  0.02 
   9   26                33, 32                                                                                                                                                                             16, 12, 34, 46, 20, 24, 41, 43      c, c Gaussian        0         0.01 1.0  0.01 
   9   27                10, 41                                                                                                                                                                              15, 46, 20, 34, 1, 43, 30, 50      c, c Gaussian        0         0.03 1.0  0.02 
   9   28                24, 15                                                                                                                                                                             32, 16, 12, 34, 46, 20, 41, 43      c, c  Student        0  0.01, 16.94 2.0  0.01 
   9   29                 32, 1                                                                                                                                                                             15, 34, 41, 43, 12, 20, 16, 46      c, c Gaussian        0         0.05 1.0  0.03 
   9   30                16, 50                                                                                                                                                                              1, 15, 34, 41, 43, 12, 20, 46      c, c Gaussian        0         0.07 1.0  0.05 
   9   31                12, 30                                                                                                                                                                              50, 1, 15, 34, 41, 43, 46, 20      c, c Gaussian        0         0.11 1.0  0.07 
   9   32                41, 52                                                                                                                                                                              30, 50, 1, 15, 34, 46, 20, 43      c, c  Student        0  0.04, 23.12 2.0  0.03 
   9   33                15, 55                                                                                                                                                                              52, 30, 50, 1, 34, 43, 46, 20      c, c Gaussian        0        -0.00 1.0 -0.00 
   9   34                26, 30                                                                                                                                                                              34, 1, 13, 31, 50, 42, 22, 43      c, c Gaussian        0        -0.01 1.0 -0.01 
   9   35                 3, 30                                                                                                                                                                              34, 22, 42, 50, 43, 40, 1, 54      c, c Gaussian        0         0.00 1.0  0.00 
   9   36                31, 52                                                                                                                                                                              30, 34, 1, 13, 22, 42, 43, 50      c, c Gaussian        0        -0.00 1.0 -0.00 
   9   37                54, 52                                                                                                                                                                              30, 34, 22, 42, 50, 43, 40, 1      c, c  Student        0  0.02, 16.99 2.0  0.01 
   9   38                13, 55                                                                                                                                                                              52, 30, 34, 1, 50, 42, 43, 22      c, c Gaussian        0         0.02 1.0  0.01 
   9   39                40, 55                                                                                                                                                                              52, 30, 34, 22, 42, 50, 43, 1      c, c Gaussian        0         0.03 1.0  0.02 
   9   40                46, 45                                                                                                                                                                              55, 52, 30, 50, 1, 34, 43, 20      c, c Gaussian        0         0.11 1.0  0.07 
   9   41                22, 45                                                                                                                                                                              55, 52, 30, 34, 1, 50, 42, 43      c, c  Student        0  0.01, 21.38 2.0  0.01 
   9   42                20, 42                                                                                                                                                                              45, 55, 52, 30, 50, 1, 34, 43      c, c  Student        0  0.03, 17.67 2.0  0.02 
   9   43                42, 49                                                                                                                                                                              45, 55, 52, 30, 34, 1, 50, 43      c, c Gaussian        0         0.05 1.0  0.03 
   9   44                34, 14                                                                                                                                                                              49, 45, 55, 52, 30, 50, 1, 43      c, c  Student        0  0.01, 13.89 2.0  0.01 
   9   45                 1, 39                                                                                                                                                                             14, 49, 45, 55, 52, 30, 50, 43      c, c Gaussian        0         0.00 1.0  0.00 
   9   46                 14, 9                                                                                                                                                                             39, 49, 45, 55, 52, 43, 50, 30      c, c Gaussian        0         0.01 1.0  0.01 
  10    1                 6, 20                                                                                                                                                                          16, 47, 48, 46, 27, 32, 2, 18, 19      c, c Gaussian        0        -0.00 1.0 -0.00 
  10    2                19, 12                                                                                                                                                                          20, 16, 47, 48, 46, 27, 32, 2, 18      c, c Gaussian        0        -0.02 1.0 -0.01 
  10    3                 4, 18                                                                                                                                                                          2, 27, 48, 47, 32, 16, 46, 20, 12      c, c Gaussian        0        -0.01 1.0 -0.01 
  10    4                18, 38                                                                                                                                                                          12, 20, 16, 47, 48, 46, 27, 32, 2      c, c Gaussian        0         0.02 1.0  0.02 
  10    5                 2, 43                                                                                                                                                                         38, 12, 20, 16, 47, 48, 46, 27, 32      c, c Gaussian        0         0.02 1.0  0.01 
  10    6                21, 17                                                                                                                                                                           33, 41, 36, 43, 24, 11, 25, 5, 7      c, c Gaussian        0         0.00 1.0  0.00 
  10    7                 7, 53                                                                                                                                                                          17, 33, 41, 36, 43, 24, 11, 25, 5      c, c Gaussian        0         0.02 1.0  0.01 
  10    8                 5, 20                                                                                                                                                                         53, 17, 33, 41, 36, 43, 24, 11, 25      c, c Gaussian        0         0.01 1.0  0.01 
  10    9                11, 46                                                                                                                                                                         20, 53, 17, 33, 41, 36, 43, 24, 25      c, c Gaussian        0        -0.00 1.0 -0.00 
  10   10                25, 37                                                                                                                                                                         46, 20, 53, 17, 33, 41, 36, 43, 24      c, c  Student        0 -0.01, 22.54 2.0 -0.00 
  10   11                 17, 8                                                                                                                                                                         37, 46, 20, 53, 33, 36, 24, 43, 41      c, c Gaussian        0         0.04 1.0  0.02 
  10   12                36, 51                                                                                                                                                                          8, 37, 46, 20, 53, 33, 41, 43, 24      c, c Gaussian        0         0.01 1.0  0.00 
  10   13                44, 33                                                                                                                                                                          46, 20, 29, 8, 24, 37, 43, 41, 35      c, c Gaussian        0        -0.01 1.0 -0.01 
  10   14                35, 53                                                                                                                                                                          33, 46, 20, 29, 8, 24, 37, 43, 41      c, c Gaussian        0         0.00 1.0  0.00 
  10   15                29, 51                                                                                                                                                                          53, 33, 46, 20, 24, 43, 8, 41, 37      c, c Gaussian        0        -0.01 1.0 -0.01 
  10   16                 8, 34                                                                                                                                                                         51, 53, 33, 46, 20, 24, 43, 37, 41      c, c  Student        0  0.03, 22.23 2.0  0.02 
  10   17                37, 12                                                                                                                                                                         34, 51, 53, 33, 46, 20, 24, 43, 41      c, c Gaussian        0         0.09 1.0  0.05 
  10   18                23, 43                                                                                                                                                                         27, 48, 47, 12, 32, 16, 38, 46, 20      c, c Gaussian        0        -0.00 1.0 -0.00 
  10   19                27, 41                                                                                                                                                                         43, 38, 12, 20, 16, 47, 48, 46, 32      c, c Gaussian        0        -0.01 1.0 -0.00 
  10   20                48, 34                                                                                                                                                                         41, 43, 38, 12, 20, 16, 47, 32, 46      c, c  Student        0  0.02, 18.11 2.0  0.01 
  10   21                47, 24                                                                                                                                                                         34, 41, 43, 38, 12, 20, 16, 32, 46      c, c  Student        0  0.01, 16.62 2.0  0.01 
  10   22                38, 33                                                                                                                                                                         24, 34, 41, 43, 12, 32, 16, 46, 20      c, c Gaussian        0         0.02 1.0  0.01 
  10   23                51, 16                                                                                                                                                                         12, 34, 46, 20, 24, 41, 43, 33, 53      c, c Gaussian        0         0.01 1.0  0.01 
  10   24                53, 32                                                                                                                                                                         16, 12, 34, 46, 20, 24, 41, 43, 33      c, c Gaussian        0         0.04 1.0  0.03 
  10   25                28, 24                                                                                                                                                                         32, 16, 12, 41, 15, 46, 20, 43, 34      c, c  Student        0  0.03, 20.95 2.0  0.02 
  10   26                33, 15                                                                                                                                                                         32, 16, 12, 34, 46, 20, 24, 41, 43      c, c  Student        0 -0.00, 23.67 2.0 -0.00 
  10   27                10, 12                                                                                                                                                                          41, 15, 46, 20, 34, 1, 43, 30, 50      c, c Gaussian        0         0.01 1.0  0.01 
  10   28                 24, 1                                                                                                                                                                         15, 32, 16, 12, 34, 46, 20, 41, 43      c, c  Student        0  0.04, 17.49 2.0  0.03 
  10   29                32, 50                                                                                                                                                                          1, 15, 34, 41, 43, 12, 20, 16, 46      c, c Gaussian        0         0.08 1.0  0.05 
  10   30                16, 30                                                                                                                                                                          50, 1, 15, 34, 41, 43, 12, 20, 46      c, c  Student        0  0.07, 18.48 2.0  0.05 
  10   31                12, 52                                                                                                                                                                          30, 50, 1, 15, 34, 41, 43, 46, 20      c, c  Student        0  0.05, 20.12 2.0  0.03 
  10   32                41, 55                                                                                                                                                                          52, 30, 50, 1, 15, 34, 46, 20, 43      c, c  Student        0  0.09, 16.00 2.0  0.06 
  10   33                15, 45                                                                                                                                                                          55, 52, 30, 50, 1, 34, 43, 46, 20      c, c  Student        0  0.01, 22.00 2.0  0.01 
  10   34                26, 52                                                                                                                                                                          30, 34, 1, 13, 31, 50, 42, 22, 43      c, c Gaussian        0         0.01 1.0  0.01 
  10   35                 3, 52                                                                                                                                                                          30, 34, 22, 42, 50, 43, 40, 1, 54      c, c Gaussian        0         0.02 1.0  0.01 
  10   36                31, 55                                                                                                                                                                          52, 30, 34, 1, 13, 22, 42, 43, 50      c, c Gaussian        0         0.00 1.0  0.00 
  10   37                54, 55                                                                                                                                                                          52, 30, 34, 22, 42, 50, 43, 40, 1      c, c  Student        0 -0.00, 23.42 2.0 -0.00 
  10   38                13, 45                                                                                                                                                                          55, 52, 30, 34, 1, 50, 42, 43, 22      c, c Gaussian        0         0.02 1.0  0.01 
  10   39                40, 45                                                                                                                                                                          55, 52, 30, 34, 22, 42, 50, 43, 1      c, c Gaussian        0         0.03 1.0  0.02 
  10   40                46, 42                                                                                                                                                                          45, 55, 52, 30, 50, 1, 34, 43, 20      c, c Gaussian        0         0.07 1.0  0.05 
  10   41                22, 49                                                                                                                                                                          45, 55, 52, 30, 34, 1, 50, 42, 43      c, c Gaussian        0         0.03 1.0  0.02 
  10   42                20, 49                                                                                                                                                                          42, 45, 55, 52, 30, 50, 1, 34, 43      c, c Gaussian        0         0.01 1.0  0.01 
  10   43                42, 14                                                                                                                                                                          49, 45, 55, 52, 30, 34, 1, 50, 43      c, c  Student        0  0.02, 14.33 2.0  0.01 
  10   44                34, 39                                                                                                                                                                          14, 49, 45, 55, 52, 30, 50, 1, 43      c, c Gaussian        0         0.01 1.0  0.00 
  10   45                  1, 9                                                                                                                                                                         39, 14, 49, 45, 55, 52, 30, 50, 43      c, c Gaussian        0         0.01 1.0  0.01 
  11    1                 6, 12                                                                                                                                                                      20, 16, 47, 48, 46, 27, 32, 2, 18, 19      c, c Gaussian        0        -0.01 1.0 -0.01 
  11    2                 19, 4                                                                                                                                                                      12, 20, 16, 47, 48, 46, 27, 32, 2, 18      c, c Gaussian        0         0.01 1.0  0.01 
  11    3                 4, 38                                                                                                                                                                      18, 2, 27, 48, 47, 32, 16, 46, 20, 12      c, c Gaussian        0        -0.00 1.0 -0.00 
  11    4                18, 43                                                                                                                                                                      38, 12, 20, 16, 47, 48, 46, 27, 32, 2      c, c Gaussian        0         0.03 1.0  0.02 
  11    5                 2, 41                                                                                                                                                                     43, 38, 12, 20, 16, 47, 48, 46, 27, 32      c, c Gaussian        0         0.01 1.0  0.01 
  11    6                21, 53                                                                                                                                                                       17, 33, 41, 36, 43, 24, 11, 25, 5, 7      c, c Gaussian        0         0.01 1.0  0.00 
  11    7                 7, 20                                                                                                                                                                      53, 17, 33, 41, 36, 43, 24, 11, 25, 5      c, c Gaussian        0        -0.01 1.0 -0.01 
  11    8                 5, 46                                                                                                                                                                     20, 53, 17, 33, 41, 36, 43, 24, 11, 25      c, c  Student        0  0.04, 20.81 2.0  0.02 
  11    9                11, 37                                                                                                                                                                     46, 20, 53, 17, 33, 41, 36, 43, 24, 25      c, c Gaussian        0         0.02 1.0  0.01 
  11   10                 25, 8                                                                                                                                                                     37, 46, 20, 53, 17, 33, 41, 36, 43, 24      c, c  Student        0  0.02, 25.03 2.0  0.01 
  11   11                17, 51                                                                                                                                                                      8, 37, 46, 20, 53, 33, 36, 24, 43, 41      c, c  Student        0  0.06, 21.56 2.0  0.04 
  11   12                36, 34                                                                                                                                                                      51, 8, 37, 46, 20, 53, 33, 41, 43, 24      c, c Gaussian        0        -0.01 1.0 -0.01 
  11   13                44, 53                                                                                                                                                                      33, 46, 20, 29, 8, 24, 37, 43, 41, 35      c, c Gaussian        0         0.01 1.0  0.01 
  11   14                35, 51                                                                                                                                                                      53, 33, 46, 20, 29, 8, 24, 37, 43, 41      c, c  Student        0   0.04, 9.86 2.0  0.02 
  11   15                29, 34                                                                                                                                                                      51, 53, 33, 46, 20, 24, 43, 8, 41, 37      c, c Gaussian        0         0.04 1.0  0.02 
  11   16                 8, 12                                                                                                                                                                     34, 51, 53, 33, 46, 20, 24, 43, 37, 41      c, c  Student        0  0.06, 18.96 2.0  0.04 
  11   17                37, 16                                                                                                                                                                     12, 34, 51, 53, 33, 46, 20, 24, 43, 41      c, c  Student        0  0.06, 14.62 2.0  0.04 
  11   18                23, 41                                                                                                                                                                     43, 27, 48, 47, 12, 32, 16, 38, 46, 20      c, c Gaussian        0         0.02 1.0  0.01 
  11   19                27, 34                                                                                                                                                                     41, 43, 38, 12, 20, 16, 47, 48, 46, 32      c, c Gaussian        0         0.04 1.0  0.03 
  11   20                48, 24                                                                                                                                                                     34, 41, 43, 38, 12, 20, 16, 47, 32, 46      c, c  Student        0  0.06, 13.04 2.0  0.04 
  11   21                47, 33                                                                                                                                                                     24, 34, 41, 43, 38, 12, 20, 16, 32, 46      c, c Gaussian        0         0.02 1.0  0.01 
  11   22                38, 53                                                                                                                                                                     33, 24, 34, 41, 43, 12, 32, 16, 46, 20      c, c Gaussian        0         0.01 1.0  0.01 
  11   23                51, 32                                                                                                                                                                     16, 12, 34, 46, 20, 24, 41, 43, 33, 53      c, c Gaussian        0         0.07 1.0  0.05 
  11   24                53, 15                                                                                                                                                                     32, 16, 12, 34, 46, 20, 24, 41, 43, 33      c, c Gaussian        0         0.01 1.0  0.01 
  11   25                28, 33                                                                                                                                                                     24, 32, 16, 12, 41, 15, 46, 20, 43, 34      c, c Gaussian        0         0.01 1.0  0.01 
  11   26                 33, 1                                                                                                                                                                     15, 32, 16, 12, 34, 46, 20, 24, 41, 43      c, c Gaussian        0         0.03 1.0  0.02 
  11   27                10, 16                                                                                                                                                                      12, 41, 15, 46, 20, 34, 1, 43, 30, 50      c, c Gaussian        0         0.01 1.0  0.01 
  11   28                24, 50                                                                                                                                                                      1, 15, 32, 16, 12, 34, 46, 20, 41, 43      c, c  Student        0 -0.00, 17.33 2.0 -0.00 
  11   29                32, 30                                                                                                                                                                      50, 1, 15, 34, 41, 43, 12, 20, 16, 46      c, c  Student        0  0.03, 22.73 2.0  0.02 
  11   30                16, 52                                                                                                                                                                      30, 50, 1, 15, 34, 41, 43, 12, 20, 46      c, c  Student        0  0.02, 20.10 2.0  0.01 
  11   31                12, 55                                                                                                                                                                      52, 30, 50, 1, 15, 34, 41, 43, 46, 20      c, c  Student        0  0.10, 19.78 2.0  0.06 
  11   32                41, 45                                                                                                                                                                      55, 52, 30, 50, 1, 15, 34, 46, 20, 43      c, c  Student        0  0.10, 21.18 2.0  0.06 
  11   33                15, 42                                                                                                                                                                      45, 55, 52, 30, 50, 1, 34, 43, 46, 20      c, c Gaussian        0         0.04 1.0  0.03 
  11   34                26, 55                                                                                                                                                                      52, 30, 34, 1, 13, 31, 50, 42, 22, 43      c, c Gaussian        0         0.00 1.0  0.00 
  11   35                 3, 55                                                                                                                                                                      52, 30, 34, 22, 42, 50, 43, 40, 1, 54      c, c Gaussian        0         0.02 1.0  0.01 
  11   36                31, 45                                                                                                                                                                      55, 52, 30, 34, 1, 13, 22, 42, 43, 50      c, c Gaussian        0        -0.01 1.0 -0.00 
  11   37                54, 45                                                                                                                                                                      55, 52, 30, 34, 22, 42, 50, 43, 40, 1      c, c  Student        0 -0.02, 21.87 2.0 -0.01 
  11   38                13, 49                                                                                                                                                                      45, 55, 52, 30, 34, 1, 50, 42, 43, 22      c, c Gaussian        0         0.00 1.0  0.00 
  11   39                40, 49                                                                                                                                                                      45, 55, 52, 30, 34, 22, 42, 50, 43, 1      c, c  Student        0  0.03, 24.45 2.0  0.02 
  11   40                46, 49                                                                                                                                                                      42, 45, 55, 52, 30, 50, 1, 34, 43, 20      c, c Gaussian        0         0.02 1.0  0.01 
  11   41                22, 14                                                                                                                                                                      49, 45, 55, 52, 30, 34, 1, 50, 42, 43      c, c  Student        0  0.02, 16.91 2.0  0.01 
  11   42                20, 14                                                                                                                                                                      49, 42, 45, 55, 52, 30, 50, 1, 34, 43      c, c  Student        0  0.07, 26.33 2.0  0.04 
  11   43                42, 39                                                                                                                                                                      14, 49, 45, 55, 52, 30, 34, 1, 50, 43      c, c  Student        0  0.05, 19.77 2.0  0.03 
  11   44                 34, 9                                                                                                                                                                      39, 14, 49, 45, 55, 52, 30, 50, 1, 43      c, c Gaussian        0         0.00 1.0  0.00 
  12    1                  6, 4                                                                                                                                                                  12, 20, 16, 47, 48, 46, 27, 32, 2, 18, 19      c, c Gaussian        0         0.03 1.0  0.02 
  12    2                19, 38                                                                                                                                                                   4, 12, 20, 16, 47, 48, 46, 27, 32, 2, 18      c, c Gaussian        0         0.00 1.0  0.00 
  12    3                 4, 43                                                                                                                                                                  38, 18, 2, 27, 48, 47, 32, 16, 46, 20, 12      c, c Gaussian        0        -0.01 1.0 -0.00 
  12    4                18, 41                                                                                                                                                                  43, 38, 12, 20, 16, 47, 48, 46, 27, 32, 2      c, c Gaussian        0        -0.01 1.0 -0.01 
  12    5                 2, 34                                                                                                                                                                 41, 43, 38, 12, 20, 16, 47, 48, 46, 27, 32      c, c Gaussian        0         0.00 1.0  0.00 
  12    6                21, 20                                                                                                                                                                   53, 17, 33, 41, 36, 43, 24, 11, 25, 5, 7      c, c Gaussian        0         0.01 1.0  0.00 
  12    7                 7, 46                                                                                                                                                                  20, 53, 17, 33, 41, 36, 43, 24, 11, 25, 5      c, c Gaussian        0         0.01 1.0  0.00 
  12    8                 5, 37                                                                                                                                                                 46, 20, 53, 17, 33, 41, 36, 43, 24, 11, 25      c, c Gaussian        0        -0.03 1.0 -0.02 
  12    9                 11, 8                                                                                                                                                                 37, 46, 20, 53, 17, 33, 41, 36, 43, 24, 25      c, c  Student        0  0.05, 17.43 2.0  0.03 
  12   10                25, 51                                                                                                                                                                  8, 37, 46, 20, 53, 17, 33, 41, 36, 43, 24      c, c Gaussian        0         0.00 1.0  0.00 
  12   11                17, 34                                                                                                                                                                  51, 8, 37, 46, 20, 53, 33, 36, 24, 43, 41      c, c Gaussian        0         0.00 1.0  0.00 
  12   12                36, 12                                                                                                                                                                  34, 51, 8, 37, 46, 20, 53, 33, 41, 43, 24      c, c Gaussian        0         0.05 1.0  0.03 
  12   13                44, 51                                                                                                                                                                  53, 33, 46, 20, 29, 8, 24, 37, 43, 41, 35      c, c Gaussian        0         0.03 1.0  0.02 
  12   14                35, 34                                                                                                                                                                  51, 53, 33, 46, 20, 29, 8, 24, 37, 43, 41      c, c Gaussian        0         0.02 1.0  0.01 
  12   15                29, 12                                                                                                                                                                  34, 51, 53, 33, 46, 20, 24, 43, 8, 41, 37      c, c Gaussian        0         0.05 1.0  0.03 
  12   16                 8, 16                                                                                                                                                                 12, 34, 51, 53, 33, 46, 20, 24, 43, 37, 41      c, c  Student        0  0.04, 15.16 2.0  0.02 
  12   17                37, 32                                                                                                                                                                 16, 12, 34, 51, 53, 33, 46, 20, 24, 43, 41      c, c  Student        0  0.09, 13.64 2.0  0.06 
  12   18                23, 34                                                                                                                                                                 41, 43, 27, 48, 47, 12, 32, 16, 38, 46, 20      c, c Gaussian        0         0.02 1.0  0.01 
  12   19                27, 24                                                                                                                                                                 34, 41, 43, 38, 12, 20, 16, 47, 48, 46, 32      c, c  Student        0  0.03, 12.19 2.0  0.02 
  12   20                48, 33                                                                                                                                                                 24, 34, 41, 43, 38, 12, 20, 16, 47, 32, 46      c, c  Student        0  0.03, 17.54 2.0  0.02 
  12   21                47, 53                                                                                                                                                                 33, 24, 34, 41, 43, 38, 12, 20, 16, 32, 46      c, c Gaussian        0         0.01 1.0  0.01 
  12   22                38, 51                                                                                                                                                                 53, 33, 24, 34, 41, 43, 12, 32, 16, 46, 20      c, c Gaussian        0         0.01 1.0  0.01 
  12   23                51, 15                                                                                                                                                                 32, 16, 12, 34, 46, 20, 24, 41, 43, 33, 53      c, c Gaussian        0         0.02 1.0  0.01 
  12   24                 53, 1                                                                                                                                                                 15, 32, 16, 12, 34, 46, 20, 24, 41, 43, 33      c, c Gaussian        0         0.01 1.0  0.01 
  12   25                 28, 1                                                                                                                                                                 33, 24, 32, 16, 12, 41, 15, 46, 20, 43, 34      c, c Gaussian        0         0.01 1.0  0.01 
  12   26                33, 50                                                                                                                                                                  1, 15, 32, 16, 12, 34, 46, 20, 24, 41, 43      c, c Gaussian        0         0.01 1.0  0.00 
  12   27                10, 32                                                                                                                                                                  16, 12, 41, 15, 46, 20, 34, 1, 43, 30, 50      c, c Gaussian        0        -0.01 1.0 -0.01 
  12   28                24, 30                                                                                                                                                                  50, 1, 15, 32, 16, 12, 34, 46, 20, 41, 43      c, c  Student        0 -0.01, 15.14 2.0 -0.01 
  12   29                32, 52                                                                                                                                                                  30, 50, 1, 15, 34, 41, 43, 12, 20, 16, 46      c, c Gaussian        0         0.05 1.0  0.03 
  12   30                16, 55                                                                                                                                                                  52, 30, 50, 1, 15, 34, 41, 43, 12, 20, 46      c, c  Student        0  0.04, 21.10 2.0  0.03 
  12   31                12, 45                                                                                                                                                                  55, 52, 30, 50, 1, 15, 34, 41, 43, 46, 20      c, c Gaussian        0         0.09 1.0  0.06 
  12   32                41, 42                                                                                                                                                                  45, 55, 52, 30, 50, 1, 15, 34, 46, 20, 43      c, c  Student        0  0.06, 18.81 2.0  0.04 
  12   33                15, 49                                                                                                                                                                  42, 45, 55, 52, 30, 50, 1, 34, 43, 46, 20      c, c Gaussian        0         0.03 1.0  0.02 
  12   34                26, 45                                                                                                                                                                  55, 52, 30, 34, 1, 13, 31, 50, 42, 22, 43      c, c Gaussian        0         0.00 1.0  0.00 
  12   35                 3, 45                                                                                                                                                                  55, 52, 30, 34, 22, 42, 50, 43, 40, 1, 54      c, c Gaussian        0         0.02 1.0  0.02 
  12   36                31, 49                                                                                                                                                                  45, 55, 52, 30, 34, 1, 13, 22, 42, 43, 50      c, c Gaussian        0         0.02 1.0  0.01 
  12   37                54, 49                                                                                                                                                                  45, 55, 52, 30, 34, 22, 42, 50, 43, 40, 1      c, c Gaussian        0         0.03 1.0  0.02 
  12   38                13, 14                                                                                                                                                                  49, 45, 55, 52, 30, 34, 1, 50, 42, 43, 22      c, c Gaussian        0         0.03 1.0  0.02 
  12   39                40, 14                                                                                                                                                                  49, 45, 55, 52, 30, 34, 22, 42, 50, 43, 1      c, c Gaussian        0        -0.01 1.0 -0.01 
  12   40                46, 14                                                                                                                                                                  49, 42, 45, 55, 52, 30, 50, 1, 34, 43, 20      c, c  Student        0  0.05, 21.68 2.0  0.03 
  12   41                22, 39                                                                                                                                                                  14, 49, 45, 55, 52, 30, 34, 1, 50, 42, 43      c, c Gaussian        0         0.04 1.0  0.03 
  12   42                20, 39                                                                                                                                                                  14, 49, 42, 45, 55, 52, 30, 50, 1, 34, 43      c, c Gaussian        0         0.02 1.0  0.01 
  12   43                 42, 9                                                                                                                                                                  39, 14, 49, 45, 55, 52, 30, 34, 1, 50, 43      c, c  Student        0  0.04, 16.49 2.0  0.02 
  13    1                 6, 38                                                                                                                                                               4, 12, 20, 16, 47, 48, 46, 27, 32, 2, 18, 19      c, c Gaussian        0         0.01 1.0  0.01 
  13    2                19, 43                                                                                                                                                               38, 4, 12, 20, 16, 47, 48, 46, 27, 32, 2, 18      c, c Gaussian        0         0.02 1.0  0.01 
  13    3                 4, 41                                                                                                                                                              43, 38, 18, 2, 27, 48, 47, 32, 16, 46, 20, 12      c, c Gaussian        0         0.02 1.0  0.01 
  13    4                18, 34                                                                                                                                                              41, 43, 38, 12, 20, 16, 47, 48, 46, 27, 32, 2      c, c Gaussian        0        -0.01 1.0 -0.01 
  13    5                 2, 24                                                                                                                                                             34, 41, 43, 38, 12, 20, 16, 47, 48, 46, 27, 32      c, c Gaussian        0         0.01 1.0  0.01 
  13    6                21, 46                                                                                                                                                               20, 53, 17, 33, 41, 36, 43, 24, 11, 25, 5, 7      c, c Gaussian        0        -0.01 1.0 -0.00 
  13    7                 7, 37                                                                                                                                                              46, 20, 53, 17, 33, 41, 36, 43, 24, 11, 25, 5      c, c Gaussian        0         0.01 1.0  0.01 
  13    8                  5, 8                                                                                                                                                             37, 46, 20, 53, 17, 33, 41, 36, 43, 24, 11, 25      c, c Gaussian        0         0.04 1.0  0.02 
  13    9                11, 51                                                                                                                                                              8, 37, 46, 20, 53, 17, 33, 41, 36, 43, 24, 25      c, c Gaussian        0        -0.00 1.0 -0.00 
  13   10                25, 34                                                                                                                                                              51, 8, 37, 46, 20, 53, 17, 33, 41, 36, 43, 24      c, c  Student        0  0.01, 15.97 2.0  0.01 
  13   11                17, 12                                                                                                                                                              34, 51, 8, 37, 46, 20, 53, 33, 36, 24, 43, 41      c, c  Student        0  0.03, 25.66 2.0  0.02 
  13   12                36, 16                                                                                                                                                              12, 34, 51, 8, 37, 46, 20, 53, 33, 41, 43, 24      c, c Gaussian        0         0.04 1.0  0.02 
  13   13                44, 34                                                                                                                                                              51, 53, 33, 46, 20, 29, 8, 24, 37, 43, 41, 35      c, c Gaussian        0         0.01 1.0  0.00 
  13   14                35, 12                                                                                                                                                              34, 51, 53, 33, 46, 20, 29, 8, 24, 37, 43, 41      c, c  Student        0  0.04, 22.71 2.0  0.03 
  13   15                29, 16                                                                                                                                                              12, 34, 51, 53, 33, 46, 20, 24, 43, 8, 41, 37      c, c  Student        0  0.06, 25.62 2.0  0.04 
  13   16                 8, 32                                                                                                                                                             16, 12, 34, 51, 53, 33, 46, 20, 24, 43, 37, 41      c, c  Student        0  0.03, 21.25 2.0  0.02 
  13   17                37, 38                                                                                                                                                             32, 16, 12, 34, 51, 53, 33, 46, 20, 24, 43, 41      c, c  Student        0  0.05, 21.38 2.0  0.03 
  13   18                23, 24                                                                                                                                                             34, 41, 43, 27, 48, 47, 12, 32, 16, 38, 46, 20      c, c Gaussian        0         0.03 1.0  0.02 
  13   19                27, 33                                                                                                                                                             24, 34, 41, 43, 38, 12, 20, 16, 47, 48, 46, 32      c, c Gaussian        0         0.04 1.0  0.02 
  13   20                48, 53                                                                                                                                                             33, 24, 34, 41, 43, 38, 12, 20, 16, 47, 32, 46      c, c Gaussian        0         0.01 1.0  0.00 
  13   21                47, 51                                                                                                                                                             53, 33, 24, 34, 41, 43, 38, 12, 20, 16, 32, 46      c, c  Student        0  0.05, 24.35 2.0  0.03 
  13   22                38, 15                                                                                                                                                             51, 53, 33, 24, 34, 41, 43, 12, 32, 16, 46, 20      c, c Gaussian        0        -0.00 1.0 -0.00 
  13   23                 51, 1                                                                                                                                                             15, 32, 16, 12, 34, 46, 20, 24, 41, 43, 33, 53      c, c Gaussian        0         0.03 1.0  0.02 
  13   24                53, 50                                                                                                                                                              1, 15, 32, 16, 12, 34, 46, 20, 24, 41, 43, 33      c, c  Student        0  0.02, 24.74 2.0  0.01 
  13   25                28, 50                                                                                                                                                              1, 33, 24, 32, 16, 12, 41, 15, 46, 20, 43, 34      c, c Gaussian        0         0.05 1.0  0.03 
  13   26                33, 30                                                                                                                                                              50, 1, 15, 32, 16, 12, 34, 46, 20, 24, 41, 43      c, c Gaussian        0         0.02 1.0  0.01 
  13   27                10, 24                                                                                                                                                              32, 16, 12, 41, 15, 46, 20, 34, 1, 43, 30, 50      c, c Gaussian        0         0.02 1.0  0.01 
  13   28                24, 52                                                                                                                                                              30, 50, 1, 15, 32, 16, 12, 34, 46, 20, 41, 43      c, c Gaussian        0         0.00 1.0  0.00 
  13   29                32, 55                                                                                                                                                              52, 30, 50, 1, 15, 34, 41, 43, 12, 20, 16, 46      c, c Gaussian        0         0.05 1.0  0.03 
  13   30                16, 45                                                                                                                                                              55, 52, 30, 50, 1, 15, 34, 41, 43, 12, 20, 46      c, c  Student        0  0.03, 17.86 2.0  0.02 
  13   31                12, 42                                                                                                                                                              45, 55, 52, 30, 50, 1, 15, 34, 41, 43, 46, 20      c, c  Student        0  0.07, 17.24 2.0  0.04 
  13   32                41, 49                                                                                                                                                              42, 45, 55, 52, 30, 50, 1, 15, 34, 46, 20, 43      c, c  Student        0  0.07, 21.70 2.0  0.04 
  13   33                15, 14                                                                                                                                                              49, 42, 45, 55, 52, 30, 50, 1, 34, 43, 46, 20      c, c  Student        0  0.04, 16.85 2.0  0.02 
  13   34                26, 49                                                                                                                                                              45, 55, 52, 30, 34, 1, 13, 31, 50, 42, 22, 43      c, c Gaussian        0         0.01 1.0  0.00 
  13   35                 3, 49                                                                                                                                                              45, 55, 52, 30, 34, 22, 42, 50, 43, 40, 1, 54      c, c Gaussian        0         0.00 1.0  0.00 
  13   36                31, 14                                                                                                                                                              49, 45, 55, 52, 30, 34, 1, 13, 22, 42, 43, 50      c, c Gaussian        0         0.01 1.0  0.00 
  13   37                54, 14                                                                                                                                                              49, 45, 55, 52, 30, 34, 22, 42, 50, 43, 40, 1      c, c Gaussian        0         0.01 1.0  0.01 
  13   38                13, 39                                                                                                                                                              14, 49, 45, 55, 52, 30, 34, 1, 50, 42, 43, 22      c, c Gaussian        0         0.02 1.0  0.01 
  13   39                40, 39                                                                                                                                                              14, 49, 45, 55, 52, 30, 34, 22, 42, 50, 43, 1      c, c Gaussian        0         0.04 1.0  0.03 
  13   40                46, 39                                                                                                                                                              14, 49, 42, 45, 55, 52, 30, 50, 1, 34, 43, 20      c, c Gaussian        0         0.03 1.0  0.02 
  13   41                 22, 9                                                                                                                                                              39, 14, 49, 45, 55, 52, 30, 34, 1, 50, 42, 43      c, c  Student        0  0.02, 21.62 2.0  0.01 
  13   42                 20, 9                                                                                                                                                              39, 14, 49, 42, 45, 55, 52, 30, 50, 1, 34, 43      c, c Gaussian        0        -0.01 1.0 -0.00 
  14    1                 6, 43                                                                                                                                                           38, 4, 12, 20, 16, 47, 48, 46, 27, 32, 2, 18, 19      c, c Gaussian        0        -0.02 1.0 -0.01 
  14    2                19, 41                                                                                                                                                           43, 38, 4, 12, 20, 16, 47, 48, 46, 27, 32, 2, 18      c, c Gaussian        0         0.01 1.0  0.01 
  14    3                 4, 34                                                                                                                                                          41, 43, 38, 18, 2, 27, 48, 47, 32, 16, 46, 20, 12      c, c Gaussian        0         0.02 1.0  0.02 
  14    4                18, 24                                                                                                                                                          34, 41, 43, 38, 12, 20, 16, 47, 48, 46, 27, 32, 2      c, c Gaussian        0         0.00 1.0  0.00 
  14    5                 2, 33                                                                                                                                                         24, 34, 41, 43, 38, 12, 20, 16, 47, 48, 46, 27, 32      c, c Gaussian        0         0.01 1.0  0.01 
  14    6                21, 37                                                                                                                                                           46, 20, 53, 17, 33, 41, 36, 43, 24, 11, 25, 5, 7      c, c Gaussian        0        -0.01 1.0 -0.00 
  14    7                  7, 8                                                                                                                                                          37, 46, 20, 53, 17, 33, 41, 36, 43, 24, 11, 25, 5      c, c  Student        0  0.03, 15.81 2.0  0.02 
  14    8                 5, 51                                                                                                                                                          8, 37, 46, 20, 53, 17, 33, 41, 36, 43, 24, 11, 25      c, c Gaussian        0         0.01 1.0  0.01 
  14    9                11, 34                                                                                                                                                          51, 8, 37, 46, 20, 53, 17, 33, 41, 36, 43, 24, 25      c, c Gaussian        0        -0.03 1.0 -0.02 
  14   10                25, 12                                                                                                                                                          34, 51, 8, 37, 46, 20, 53, 17, 33, 41, 36, 43, 24      c, c Gaussian        0        -0.02 1.0 -0.01 
  14   11                17, 16                                                                                                                                                          12, 34, 51, 8, 37, 46, 20, 53, 33, 36, 24, 43, 41      c, c Gaussian        0         0.03 1.0  0.02 
  14   12                36, 29                                                                                                                                                          16, 12, 34, 51, 8, 37, 46, 20, 53, 33, 41, 43, 24      c, c Gaussian        0        -0.01 1.0 -0.01 
  14   13                44, 12                                                                                                                                                          34, 51, 53, 33, 46, 20, 29, 8, 24, 37, 43, 41, 35      c, c Gaussian        0        -0.03 1.0 -0.02 
  14   14                35, 16                                                                                                                                                          12, 34, 51, 53, 33, 46, 20, 29, 8, 24, 37, 43, 41      c, c Gaussian        0         0.04 1.0  0.03 
  14   15                29, 32                                                                                                                                                          16, 12, 34, 51, 53, 33, 46, 20, 24, 43, 8, 41, 37      c, c Gaussian        0         0.05 1.0  0.03 
  14   16                 8, 38                                                                                                                                                         32, 16, 12, 34, 51, 53, 33, 46, 20, 24, 43, 37, 41      c, c  Student        0  0.03, 24.72 2.0  0.02 
  14   17                37, 47                                                                                                                                                         38, 32, 16, 12, 34, 51, 53, 33, 46, 20, 24, 43, 41      c, c Gaussian        0         0.05 1.0  0.03 
  14   18                23, 33                                                                                                                                                         24, 34, 41, 43, 27, 48, 47, 12, 32, 16, 38, 46, 20      c, c Gaussian        0         0.02 1.0  0.01 
  14   19                27, 53                                                                                                                                                         33, 24, 34, 41, 43, 38, 12, 20, 16, 47, 48, 46, 32      c, c Gaussian        0         0.00 1.0  0.00 
  14   20                48, 51                                                                                                                                                         53, 33, 24, 34, 41, 43, 38, 12, 20, 16, 47, 32, 46      c, c Gaussian        0         0.05 1.0  0.03 
  14   21                47, 15                                                                                                                                                         51, 53, 33, 24, 34, 41, 43, 38, 12, 20, 16, 32, 46      c, c Gaussian        0         0.03 1.0  0.02 
  14   22                 38, 1                                                                                                                                                         15, 51, 53, 33, 24, 34, 41, 43, 12, 32, 16, 46, 20      c, c Gaussian        0         0.02 1.0  0.01 
  14   23                51, 50                                                                                                                                                          1, 15, 32, 16, 12, 34, 46, 20, 24, 41, 43, 33, 53      c, c  Student        0  0.05, 20.81 2.0  0.03 
  14   24                53, 30                                                                                                                                                          50, 1, 15, 32, 16, 12, 34, 46, 20, 24, 41, 43, 33      c, c Gaussian        0         0.02 1.0  0.01 
  14   25                28, 30                                                                                                                                                          50, 1, 33, 24, 32, 16, 12, 41, 15, 46, 20, 43, 34      c, c Gaussian        0         0.01 1.0  0.01 
  14   26                33, 52                                                                                                                                                          30, 50, 1, 15, 32, 16, 12, 34, 46, 20, 24, 41, 43      c, c  Student        0  0.03, 21.52 2.0  0.02 
  14   27                10, 52                                                                                                                                                          24, 32, 16, 12, 41, 15, 46, 20, 34, 1, 43, 30, 50      c, c Gaussian        0        -0.01 1.0 -0.01 
  14   28                24, 55                                                                                                                                                          52, 30, 50, 1, 15, 32, 16, 12, 34, 46, 20, 41, 43      c, c  Student        0  0.03, 25.61 2.0  0.02 
  14   29                32, 45                                                                                                                                                          55, 52, 30, 50, 1, 15, 34, 41, 43, 12, 20, 16, 46      c, c Gaussian        0         0.00 1.0  0.00 
  14   30                16, 42                                                                                                                                                          45, 55, 52, 30, 50, 1, 15, 34, 41, 43, 12, 20, 46      c, c  Student        0  0.03, 19.71 2.0  0.02 
  14   31                12, 49                                                                                                                                                          42, 45, 55, 52, 30, 50, 1, 15, 34, 41, 43, 46, 20      c, c Gaussian        0         0.04 1.0  0.03 
  14   32                41, 14                                                                                                                                                          49, 42, 45, 55, 52, 30, 50, 1, 15, 34, 46, 20, 43      c, c Gaussian        0         0.05 1.0  0.03 
  14   33                15, 39                                                                                                                                                          14, 49, 42, 45, 55, 52, 30, 50, 1, 34, 43, 46, 20      c, c Gaussian        0         0.01 1.0  0.00 
  14   34                26, 14                                                                                                                                                          49, 45, 55, 52, 30, 34, 1, 13, 31, 50, 42, 22, 43      c, c Gaussian        0        -0.03 1.0 -0.02 
  14   35                 3, 14                                                                                                                                                          49, 45, 55, 52, 30, 34, 22, 42, 50, 43, 40, 1, 54      c, c Gaussian        0         0.02 1.0  0.01 
  14   36                31, 39                                                                                                                                                          14, 49, 45, 55, 52, 30, 34, 1, 13, 22, 42, 43, 50      c, c Gaussian        0         0.03 1.0  0.02 
  14   37                54, 39                                                                                                                                                          14, 49, 45, 55, 52, 30, 34, 22, 42, 50, 43, 40, 1      c, c Gaussian        0         0.03 1.0  0.02 
  14   38                 13, 9                                                                                                                                                          39, 14, 49, 45, 55, 52, 30, 34, 1, 50, 42, 43, 22      c, c  Student        0  0.02, 17.60 2.0  0.02 
  14   39                 40, 9                                                                                                                                                          39, 14, 49, 45, 55, 52, 30, 34, 22, 42, 50, 43, 1      c, c Gaussian        0         0.04 1.0  0.03 
  14   40                 46, 9                                                                                                                                                          39, 14, 49, 42, 45, 55, 52, 30, 50, 1, 34, 43, 20      c, c Gaussian        0         0.01 1.0  0.01 
  14   41                22, 20                                                                                                                                                           9, 39, 14, 49, 45, 55, 52, 30, 34, 1, 50, 42, 43      c, c Gaussian        0         0.01 1.0  0.01 
  15    1                 6, 41                                                                                                                                                       43, 38, 4, 12, 20, 16, 47, 48, 46, 27, 32, 2, 18, 19      c, c Gaussian        0        -0.02 1.0 -0.01 
  15    2                19, 34                                                                                                                                                       41, 43, 38, 4, 12, 20, 16, 47, 48, 46, 27, 32, 2, 18      c, c Gaussian        0         0.01 1.0  0.01 
  15    3                 4, 24                                                                                                                                                      34, 41, 43, 38, 18, 2, 27, 48, 47, 32, 16, 46, 20, 12      c, c Gaussian        0         0.03 1.0  0.02 
  15    4                18, 33                                                                                                                                                      24, 34, 41, 43, 38, 12, 20, 16, 47, 48, 46, 27, 32, 2      c, c Gaussian        0         0.01 1.0  0.01 
  15    5                 2, 53                                                                                                                                                     33, 24, 34, 41, 43, 38, 12, 20, 16, 47, 48, 46, 27, 32      c, c Gaussian        0         0.03 1.0  0.02 
  15    6                 21, 8                                                                                                                                                       37, 46, 20, 53, 17, 33, 41, 36, 43, 24, 11, 25, 5, 7      c, c Gaussian        0        -0.00 1.0 -0.00 
  15    7                 7, 51                                                                                                                                                       8, 37, 46, 20, 53, 17, 33, 41, 36, 43, 24, 11, 25, 5      c, c  Student        0  0.03, 16.75 2.0  0.02 
  15    8                 5, 34                                                                                                                                                      51, 8, 37, 46, 20, 53, 17, 33, 41, 36, 43, 24, 11, 25      c, c Gaussian        0         0.01 1.0  0.00 
  15    9                11, 12                                                                                                                                                      34, 51, 8, 37, 46, 20, 53, 17, 33, 41, 36, 43, 24, 25      c, c Gaussian        0        -0.02 1.0 -0.01 
  15   10                25, 16                                                                                                                                                      12, 34, 51, 8, 37, 46, 20, 53, 17, 33, 41, 36, 43, 24      c, c  Student        0  0.01, 24.16 2.0  0.01 
  15   11                17, 29                                                                                                                                                      16, 12, 34, 51, 8, 37, 46, 20, 53, 33, 36, 24, 43, 41      c, c Gaussian        0         0.00 1.0  0.00 
  15   12                36, 35                                                                                                                                                      29, 16, 12, 34, 51, 8, 37, 46, 20, 53, 33, 41, 43, 24      c, c  Student        0  0.02, 18.82 2.0  0.01 
  15   13                44, 16                                                                                                                                                      12, 34, 51, 53, 33, 46, 20, 29, 8, 24, 37, 43, 41, 35      c, c Gaussian        0        -0.01 1.0 -0.01 
  15   14                35, 32                                                                                                                                                      16, 12, 34, 51, 53, 33, 46, 20, 29, 8, 24, 37, 43, 41      c, c Gaussian        0         0.05 1.0  0.03 
  15   15                29, 38                                                                                                                                                      32, 16, 12, 34, 51, 53, 33, 46, 20, 24, 43, 8, 41, 37      c, c Gaussian        0        -0.03 1.0 -0.02 
  15   16                 8, 47                                                                                                                                                     38, 32, 16, 12, 34, 51, 53, 33, 46, 20, 24, 43, 37, 41      c, c Gaussian        0        -0.00 1.0 -0.00 
  15   17                37, 48                                                                                                                                                     47, 38, 32, 16, 12, 34, 51, 53, 33, 46, 20, 24, 43, 41      c, c Gaussian        0         0.01 1.0  0.01 
  15   18                23, 53                                                                                                                                                     33, 24, 34, 41, 43, 27, 48, 47, 12, 32, 16, 38, 46, 20      c, c Gaussian        0        -0.01 1.0 -0.00 
  15   19                27, 51                                                                                                                                                     53, 33, 24, 34, 41, 43, 38, 12, 20, 16, 47, 48, 46, 32      c, c  Student        0  0.03, 16.38 2.0  0.02 
  15   20                48, 15                                                                                                                                                     51, 53, 33, 24, 34, 41, 43, 38, 12, 20, 16, 47, 32, 46      c, c Gaussian        0         0.03 1.0  0.02 
  15   21                 47, 1                                                                                                                                                     15, 51, 53, 33, 24, 34, 41, 43, 38, 12, 20, 16, 32, 46      c, c Gaussian        0        -0.01 1.0 -0.00 
  15   22                38, 50                                                                                                                                                      1, 15, 51, 53, 33, 24, 34, 41, 43, 12, 32, 16, 46, 20      c, c Gaussian        0         0.05 1.0  0.03 
  15   23                51, 30                                                                                                                                                      50, 1, 15, 32, 16, 12, 34, 46, 20, 24, 41, 43, 33, 53      c, c Gaussian        0        -0.01 1.0 -0.00 
  15   24                53, 52                                                                                                                                                      30, 50, 1, 15, 32, 16, 12, 34, 46, 20, 24, 41, 43, 33      c, c Gaussian        0         0.02 1.0  0.01 
  15   25                28, 52                                                                                                                                                      30, 50, 1, 33, 24, 32, 16, 12, 41, 15, 46, 20, 43, 34      c, c Gaussian        0         0.03 1.0  0.02 
  15   26                33, 55                                                                                                                                                      52, 30, 50, 1, 15, 32, 16, 12, 34, 46, 20, 24, 41, 43      c, c Gaussian        0         0.04 1.0  0.02 
  15   27                10, 55                                                                                                                                                      52, 24, 32, 16, 12, 41, 15, 46, 20, 34, 1, 43, 30, 50      c, c Gaussian        0         0.03 1.0  0.02 
  15   28                24, 45                                                                                                                                                      55, 52, 30, 50, 1, 15, 32, 16, 12, 34, 46, 20, 41, 43      c, c Gaussian        0        -0.00 1.0 -0.00 
  15   29                32, 42                                                                                                                                                      45, 55, 52, 30, 50, 1, 15, 34, 41, 43, 12, 20, 16, 46      c, c Gaussian        0         0.06 1.0  0.04 
  15   30                16, 49                                                                                                                                                      42, 45, 55, 52, 30, 50, 1, 15, 34, 41, 43, 12, 20, 46      c, c Gaussian        0         0.05 1.0  0.03 
  15   31                12, 14                                                                                                                                                      49, 42, 45, 55, 52, 30, 50, 1, 15, 34, 41, 43, 46, 20      c, c Gaussian        0         0.04 1.0  0.03 
  15   32                41, 39                                                                                                                                                      14, 49, 42, 45, 55, 52, 30, 50, 1, 15, 34, 46, 20, 43      c, c  Student        0  0.02, 23.16 2.0  0.01 
  15   33                 15, 9                                                                                                                                                      39, 14, 49, 42, 45, 55, 52, 30, 50, 1, 34, 43, 46, 20      c, c Gaussian        0        -0.02 1.0 -0.01 
  15   34                26, 39                                                                                                                                                      14, 49, 45, 55, 52, 30, 34, 1, 13, 31, 50, 42, 22, 43      c, c Gaussian        0         0.00 1.0  0.00 
  15   35                 3, 39                                                                                                                                                      14, 49, 45, 55, 52, 30, 34, 22, 42, 50, 43, 40, 1, 54      c, c Gaussian        0         0.02 1.0  0.01 
  15   36                 31, 9                                                                                                                                                      39, 14, 49, 45, 55, 52, 30, 34, 1, 13, 22, 42, 43, 50      c, c Gaussian        0        -0.00 1.0 -0.00 
  15   37                 54, 9                                                                                                                                                      39, 14, 49, 45, 55, 52, 30, 34, 22, 42, 50, 43, 40, 1      c, c Gaussian        0         0.03 1.0  0.02 
  15   38                13, 20                                                                                                                                                       9, 39, 14, 49, 45, 55, 52, 30, 34, 1, 50, 42, 43, 22      c, c Gaussian        0         0.00 1.0  0.00 
  15   39                40, 20                                                                                                                                                       9, 39, 14, 49, 45, 55, 52, 30, 34, 22, 42, 50, 43, 1      c, c Gaussian        0         0.02 1.0  0.01 
  15   40                46, 22                                                                                                                                                       9, 39, 14, 49, 42, 45, 55, 52, 30, 50, 1, 34, 43, 20      c, c Gaussian        0         0.04 1.0  0.02 
  16    1                 6, 34                                                                                                                                                   41, 43, 38, 4, 12, 20, 16, 47, 48, 46, 27, 32, 2, 18, 19      c, c Gaussian        0         0.01 1.0  0.01 
  16    2                19, 24                                                                                                                                                   34, 41, 43, 38, 4, 12, 20, 16, 47, 48, 46, 27, 32, 2, 18      c, c Gaussian        0         0.01 1.0  0.00 
  16    3                 4, 33                                                                                                                                                  24, 34, 41, 43, 38, 18, 2, 27, 48, 47, 32, 16, 46, 20, 12      c, c Gaussian        0         0.03 1.0  0.02 
  16    4                18, 53                                                                                                                                                  33, 24, 34, 41, 43, 38, 12, 20, 16, 47, 48, 46, 27, 32, 2      c, c Gaussian        0         0.01 1.0  0.01 
  16    5                 2, 51                                                                                                                                                 53, 33, 24, 34, 41, 43, 38, 12, 20, 16, 47, 48, 46, 27, 32      c, c Gaussian        0        -0.00 1.0 -0.00 
  16    6                21, 51                                                                                                                                                    8, 37, 46, 20, 53, 17, 33, 41, 36, 43, 24, 11, 25, 5, 7      c, c Gaussian        0         0.02 1.0  0.01 
  16    7                 7, 34                                                                                                                                                   51, 8, 37, 46, 20, 53, 17, 33, 41, 36, 43, 24, 11, 25, 5      c, c Gaussian        0        -0.01 1.0 -0.01 
  16    8                 5, 12                                                                                                                                                  34, 51, 8, 37, 46, 20, 53, 17, 33, 41, 36, 43, 24, 11, 25      c, c  Student        0  0.01, 23.95 2.0  0.01 
  16    9                11, 16                                                                                                                                                  12, 34, 51, 8, 37, 46, 20, 53, 17, 33, 41, 36, 43, 24, 25      c, c Gaussian        0        -0.00 1.0 -0.00 
  16   10                25, 29                                                                                                                                                  16, 12, 34, 51, 8, 37, 46, 20, 53, 17, 33, 41, 36, 43, 24      c, c Gaussian        0        -0.02 1.0 -0.01 
  16   11                17, 35                                                                                                                                                  29, 16, 12, 34, 51, 8, 37, 46, 20, 53, 33, 36, 24, 43, 41      c, c  Student        0  0.03, 10.44 2.0  0.02 
  16   12                36, 44                                                                                                                                                  35, 29, 16, 12, 34, 51, 8, 37, 46, 20, 53, 33, 41, 43, 24      c, c Gaussian        0         0.02 1.0  0.01 
  16   13                44, 32                                                                                                                                                  16, 12, 34, 51, 53, 33, 46, 20, 29, 8, 24, 37, 43, 41, 35      c, c Gaussian        0         0.02 1.0  0.01 
  16   14                35, 38                                                                                                                                                  32, 16, 12, 34, 51, 53, 33, 46, 20, 29, 8, 24, 37, 43, 41      c, c Gaussian        0        -0.01 1.0 -0.01 
  16   15                29, 47                                                                                                                                                  38, 32, 16, 12, 34, 51, 53, 33, 46, 20, 24, 43, 8, 41, 37      c, c Gaussian        0         0.05 1.0  0.03 
  16   16                 8, 48                                                                                                                                                 47, 38, 32, 16, 12, 34, 51, 53, 33, 46, 20, 24, 43, 37, 41      c, c Gaussian        0         0.02 1.0  0.01 
  16   17                37, 27                                                                                                                                                 48, 47, 38, 32, 16, 12, 34, 51, 53, 33, 46, 20, 24, 43, 41      c, c Gaussian        0         0.03 1.0  0.02 
  16   18                23, 51                                                                                                                                                 53, 33, 24, 34, 41, 43, 27, 48, 47, 12, 32, 16, 38, 46, 20      c, c Gaussian        0         0.01 1.0  0.01 
  16   19                27, 15                                                                                                                                                 51, 53, 33, 24, 34, 41, 43, 38, 12, 20, 16, 47, 48, 46, 32      c, c Gaussian        0         0.01 1.0  0.01 
  16   20                 48, 1                                                                                                                                                 15, 51, 53, 33, 24, 34, 41, 43, 38, 12, 20, 16, 47, 32, 46      c, c Gaussian        0         0.02 1.0  0.01 
  16   21                47, 50                                                                                                                                                  1, 15, 51, 53, 33, 24, 34, 41, 43, 38, 12, 20, 16, 32, 46      c, c Gaussian        0         0.04 1.0  0.02 
  16   22                38, 30                                                                                                                                                  50, 1, 15, 51, 53, 33, 24, 34, 41, 43, 12, 32, 16, 46, 20      c, c Gaussian        0         0.01 1.0  0.01 
  16   23                51, 52                                                                                                                                                  30, 50, 1, 15, 32, 16, 12, 34, 46, 20, 24, 41, 43, 33, 53      c, c Gaussian        0         0.01 1.0  0.00 
  16   24                53, 55                                                                                                                                                  52, 30, 50, 1, 15, 32, 16, 12, 34, 46, 20, 24, 41, 43, 33      c, c Gaussian        0         0.04 1.0  0.03 
  16   25                28, 55                                                                                                                                                  52, 30, 50, 1, 33, 24, 32, 16, 12, 41, 15, 46, 20, 43, 34      c, c Gaussian        0         0.00 1.0  0.00 
  16   26                33, 45                                                                                                                                                  55, 52, 30, 50, 1, 15, 32, 16, 12, 34, 46, 20, 24, 41, 43      c, c  Student        0  0.04, 28.44 2.0  0.02 
  16   27                10, 45                                                                                                                                                  55, 52, 24, 32, 16, 12, 41, 15, 46, 20, 34, 1, 43, 30, 50      c, c Gaussian        0         0.04 1.0  0.02 
  16   28                24, 42                                                                                                                                                  45, 55, 52, 30, 50, 1, 15, 32, 16, 12, 34, 46, 20, 41, 43      c, c  Student        0  0.08, 13.84 2.0  0.05 
  16   29                32, 49                                                                                                                                                  42, 45, 55, 52, 30, 50, 1, 15, 34, 41, 43, 12, 20, 16, 46      c, c Gaussian        0         0.05 1.0  0.03 
  16   30                16, 14                                                                                                                                                  49, 42, 45, 55, 52, 30, 50, 1, 15, 34, 41, 43, 12, 20, 46      c, c Gaussian        0         0.05 1.0  0.03 
  16   31                12, 39                                                                                                                                                  14, 49, 42, 45, 55, 52, 30, 50, 1, 15, 34, 41, 43, 46, 20      c, c Gaussian        0        -0.01 1.0 -0.01 
  16   32                 41, 9                                                                                                                                                  39, 14, 49, 42, 45, 55, 52, 30, 50, 1, 15, 34, 46, 20, 43      c, c Gaussian        0         0.01 1.0  0.01 
  16   33                15, 22                                                                                                                                                   9, 39, 14, 49, 42, 45, 55, 52, 30, 50, 1, 34, 43, 46, 20      c, c Gaussian        0         0.03 1.0  0.02 
  16   34                 26, 9                                                                                                                                                  39, 14, 49, 45, 55, 52, 30, 34, 1, 13, 31, 50, 42, 22, 43      c, c Gaussian        0        -0.01 1.0 -0.01 
  16   35                  3, 9                                                                                                                                                  39, 14, 49, 45, 55, 52, 30, 34, 22, 42, 50, 43, 40, 1, 54      c, c Gaussian        0         0.00 1.0  0.00 
  16   36                31, 20                                                                                                                                                   9, 39, 14, 49, 45, 55, 52, 30, 34, 1, 13, 22, 42, 43, 50      c, c  Student        0  0.01, 21.17 2.0  0.01 
  16   37                54, 20                                                                                                                                                   9, 39, 14, 49, 45, 55, 52, 30, 34, 22, 42, 50, 43, 40, 1      c, c Gaussian        0         0.01 1.0  0.01 
  16   38                13, 46                                                                                                                                                   20, 9, 39, 14, 49, 45, 55, 52, 30, 34, 1, 50, 42, 43, 22      c, c Gaussian        0        -0.01 1.0 -0.01 
  16   39                40, 46                                                                                                                                                   20, 9, 39, 14, 49, 45, 55, 52, 30, 34, 22, 42, 50, 43, 1      c, c Gaussian        0         0.04 1.0  0.02 
  17    1                 6, 24                                                                                                                                               34, 41, 43, 38, 4, 12, 20, 16, 47, 48, 46, 27, 32, 2, 18, 19      c, c Gaussian        0         0.02 1.0  0.01 
  17    2                19, 33                                                                                                                                               24, 34, 41, 43, 38, 4, 12, 20, 16, 47, 48, 46, 27, 32, 2, 18      c, c  Student        0  0.03, 25.45 2.0  0.02 
  17    3                 4, 53                                                                                                                                              33, 24, 34, 41, 43, 38, 18, 2, 27, 48, 47, 32, 16, 46, 20, 12      c, c Gaussian        0        -0.01 1.0 -0.00 
  17    4                18, 51                                                                                                                                              53, 33, 24, 34, 41, 43, 38, 12, 20, 16, 47, 48, 46, 27, 32, 2      c, c  Student        0 -0.03, 18.93 2.0 -0.02 
  17    5                 2, 37                                                                                                                                             51, 53, 33, 24, 34, 41, 43, 38, 12, 20, 16, 47, 48, 46, 27, 32      c, c Gaussian        0        -0.02 1.0 -0.01 
  17    6                21, 34                                                                                                                                                51, 8, 37, 46, 20, 53, 17, 33, 41, 36, 43, 24, 11, 25, 5, 7      c, c Gaussian        0        -0.01 1.0 -0.01 
  17    7                 7, 12                                                                                                                                               34, 51, 8, 37, 46, 20, 53, 17, 33, 41, 36, 43, 24, 11, 25, 5      c, c Gaussian        0         0.03 1.0  0.02 
  17    8                 5, 16                                                                                                                                              12, 34, 51, 8, 37, 46, 20, 53, 17, 33, 41, 36, 43, 24, 11, 25      c, c Gaussian        0        -0.03 1.0 -0.02 
  17    9                11, 29                                                                                                                                              16, 12, 34, 51, 8, 37, 46, 20, 53, 17, 33, 41, 36, 43, 24, 25      c, c Gaussian        0         0.01 1.0  0.01 
  17   10                25, 35                                                                                                                                              29, 16, 12, 34, 51, 8, 37, 46, 20, 53, 17, 33, 41, 36, 43, 24      c, c Gaussian        0         0.02 1.0  0.01 
  17   11                17, 44                                                                                                                                              35, 29, 16, 12, 34, 51, 8, 37, 46, 20, 53, 33, 36, 24, 43, 41      c, c Gaussian        0         0.01 1.0  0.01 
  17   12                36, 32                                                                                                                                              44, 35, 29, 16, 12, 34, 51, 8, 37, 46, 20, 53, 33, 41, 43, 24      c, c Gaussian        0        -0.00 1.0 -0.00 
  17   13                44, 38                                                                                                                                              32, 16, 12, 34, 51, 53, 33, 46, 20, 29, 8, 24, 37, 43, 41, 35      c, c Gaussian        0        -0.02 1.0 -0.01 
  17   14                35, 47                                                                                                                                              38, 32, 16, 12, 34, 51, 53, 33, 46, 20, 29, 8, 24, 37, 43, 41      c, c Gaussian        0         0.01 1.0  0.01 
  17   15                29, 48                                                                                                                                              47, 38, 32, 16, 12, 34, 51, 53, 33, 46, 20, 24, 43, 8, 41, 37      c, c Gaussian        0         0.02 1.0  0.01 
  17   16                 8, 27                                                                                                                                             48, 47, 38, 32, 16, 12, 34, 51, 53, 33, 46, 20, 24, 43, 37, 41      c, c Gaussian        0         0.02 1.0  0.01 
  17   17                37, 23                                                                                                                                             27, 48, 47, 38, 32, 16, 12, 34, 51, 53, 33, 46, 20, 24, 43, 41      c, c Gaussian        0         0.02 1.0  0.01 
  17   18                23, 15                                                                                                                                             51, 53, 33, 24, 34, 41, 43, 27, 48, 47, 12, 32, 16, 38, 46, 20      c, c Gaussian        0         0.02 1.0  0.01 
  17   19                 27, 1                                                                                                                                             15, 51, 53, 33, 24, 34, 41, 43, 38, 12, 20, 16, 47, 48, 46, 32      c, c Gaussian        0         0.01 1.0  0.01 
  17   20                48, 50                                                                                                                                              1, 15, 51, 53, 33, 24, 34, 41, 43, 38, 12, 20, 16, 47, 32, 46      c, c Gaussian        0         0.05 1.0  0.03 
  17   21                47, 30                                                                                                                                              50, 1, 15, 51, 53, 33, 24, 34, 41, 43, 38, 12, 20, 16, 32, 46      c, c Gaussian        0         0.04 1.0  0.02 
  17   22                38, 52                                                                                                                                              30, 50, 1, 15, 51, 53, 33, 24, 34, 41, 43, 12, 32, 16, 46, 20      c, c Gaussian        0        -0.01 1.0 -0.01 
  17   23                51, 55                                                                                                                                              52, 30, 50, 1, 15, 32, 16, 12, 34, 46, 20, 24, 41, 43, 33, 53      c, c Gaussian        0        -0.01 1.0 -0.01 
  17   24                53, 45                                                                                                                                              55, 52, 30, 50, 1, 15, 32, 16, 12, 34, 46, 20, 24, 41, 43, 33      c, c Gaussian        0         0.08 1.0  0.05 
  17   25                28, 45                                                                                                                                              55, 52, 30, 50, 1, 33, 24, 32, 16, 12, 41, 15, 46, 20, 43, 34      c, c Gaussian        0        -0.02 1.0 -0.01 
  17   26                33, 10                                                                                                                                              45, 55, 52, 30, 50, 1, 15, 32, 16, 12, 34, 46, 20, 24, 41, 43      c, c Gaussian        0        -0.01 1.0 -0.00 
  17   27                10, 42                                                                                                                                              45, 55, 52, 24, 32, 16, 12, 41, 15, 46, 20, 34, 1, 43, 30, 50      c, c  Student        0 -0.01, 14.57 2.0 -0.01 
  17   28                24, 49                                                                                                                                              42, 45, 55, 52, 30, 50, 1, 15, 32, 16, 12, 34, 46, 20, 41, 43      c, c Gaussian        0        -0.02 1.0 -0.01 
  17   29                32, 14                                                                                                                                              49, 42, 45, 55, 52, 30, 50, 1, 15, 34, 41, 43, 12, 20, 16, 46      c, c Gaussian        0         0.02 1.0  0.01 
  17   30                16, 39                                                                                                                                              14, 49, 42, 45, 55, 52, 30, 50, 1, 15, 34, 41, 43, 12, 20, 46      c, c Gaussian        0         0.03 1.0  0.02 
  17   31                 12, 9                                                                                                                                              39, 14, 49, 42, 45, 55, 52, 30, 50, 1, 15, 34, 41, 43, 46, 20      c, c Gaussian        0        -0.01 1.0 -0.01 
  17   32                41, 22                                                                                                                                               9, 39, 14, 49, 42, 45, 55, 52, 30, 50, 1, 15, 34, 46, 20, 43      c, c Gaussian        0         0.02 1.0  0.01 
  17   33                15, 40                                                                                                                                               22, 9, 39, 14, 49, 42, 45, 55, 52, 30, 50, 1, 34, 43, 46, 20      c, c Gaussian        0        -0.02 1.0 -0.01 
  17   34                26, 20                                                                                                                                               9, 39, 14, 49, 45, 55, 52, 30, 34, 1, 13, 31, 50, 42, 22, 43      c, c Gaussian        0        -0.00 1.0 -0.00 
  17   35                 3, 20                                                                                                                                               9, 39, 14, 49, 45, 55, 52, 30, 34, 22, 42, 50, 43, 40, 1, 54      c, c Gaussian        0        -0.00 1.0 -0.00 
  17   36                31, 46                                                                                                                                               20, 9, 39, 14, 49, 45, 55, 52, 30, 34, 1, 13, 22, 42, 43, 50      c, c Gaussian        0         0.00 1.0  0.00 
  17   37                54, 46                                                                                                                                               20, 9, 39, 14, 49, 45, 55, 52, 30, 34, 22, 42, 50, 43, 40, 1      c, c  Student        0  0.05, 20.91 2.0  0.03 
  17   38                13, 40                                                                                                                                               46, 20, 9, 39, 14, 49, 45, 55, 52, 30, 34, 1, 50, 42, 43, 22      c, c  Student        0 -0.00, 18.38 2.0 -0.00 
  18    1                 6, 33                                                                                                                                           24, 34, 41, 43, 38, 4, 12, 20, 16, 47, 48, 46, 27, 32, 2, 18, 19      c, c Gaussian        0        -0.01 1.0 -0.01 
  18    2                19, 53                                                                                                                                           33, 24, 34, 41, 43, 38, 4, 12, 20, 16, 47, 48, 46, 27, 32, 2, 18      c, c Gaussian        0         0.01 1.0  0.01 
  18    3                 4, 51                                                                                                                                          53, 33, 24, 34, 41, 43, 38, 18, 2, 27, 48, 47, 32, 16, 46, 20, 12      c, c Gaussian        0         0.01 1.0  0.00 
  18    4                18, 37                                                                                                                                          51, 53, 33, 24, 34, 41, 43, 38, 12, 20, 16, 47, 48, 46, 27, 32, 2      c, c Gaussian        0        -0.00 1.0 -0.00 
  18    5                  2, 8                                                                                                                                         37, 51, 53, 33, 24, 34, 41, 43, 38, 12, 20, 16, 47, 48, 46, 27, 32      c, c Gaussian        0         0.01 1.0  0.01 
  18    6                21, 12                                                                                                                                            34, 51, 8, 37, 46, 20, 53, 17, 33, 41, 36, 43, 24, 11, 25, 5, 7      c, c Gaussian        0         0.02 1.0  0.01 
  18    7                 7, 16                                                                                                                                           12, 34, 51, 8, 37, 46, 20, 53, 17, 33, 41, 36, 43, 24, 11, 25, 5      c, c  Student        0  0.02, 24.66 2.0  0.01 
  18    8                 5, 29                                                                                                                                          16, 12, 34, 51, 8, 37, 46, 20, 53, 17, 33, 41, 36, 43, 24, 11, 25      c, c Gaussian        0        -0.02 1.0 -0.02 
  18    9                11, 35                                                                                                                                          29, 16, 12, 34, 51, 8, 37, 46, 20, 53, 17, 33, 41, 36, 43, 24, 25      c, c  Student        0 -0.01, 22.80 2.0 -0.01 
  18   10                25, 44                                                                                                                                          35, 29, 16, 12, 34, 51, 8, 37, 46, 20, 53, 17, 33, 41, 36, 43, 24      c, c Gaussian        0         0.01 1.0  0.00 
  18   11                17, 32                                                                                                                                          44, 35, 29, 16, 12, 34, 51, 8, 37, 46, 20, 53, 33, 36, 24, 43, 41      c, c  Student        0  0.02, 23.03 2.0  0.01 
  18   12                36, 38                                                                                                                                          32, 44, 35, 29, 16, 12, 34, 51, 8, 37, 46, 20, 53, 33, 41, 43, 24      c, c Gaussian        0         0.05 1.0  0.03 
  18   13                44, 47                                                                                                                                          38, 32, 16, 12, 34, 51, 53, 33, 46, 20, 29, 8, 24, 37, 43, 41, 35      c, c Gaussian        0         0.02 1.0  0.01 
  18   14                35, 48                                                                                                                                          47, 38, 32, 16, 12, 34, 51, 53, 33, 46, 20, 29, 8, 24, 37, 43, 41      c, c  Student        0  0.03, 21.54 2.0  0.02 
  18   15                29, 27                                                                                                                                          48, 47, 38, 32, 16, 12, 34, 51, 53, 33, 46, 20, 24, 43, 8, 41, 37      c, c Gaussian        0         0.01 1.0  0.01 
  18   16                 8, 23                                                                                                                                         27, 48, 47, 38, 32, 16, 12, 34, 51, 53, 33, 46, 20, 24, 43, 37, 41      c, c  Student        0  0.01, 20.59 2.0  0.01 
  18   17                37, 15                                                                                                                                         23, 27, 48, 47, 38, 32, 16, 12, 34, 51, 53, 33, 46, 20, 24, 43, 41      c, c  Student        0 -0.00, 19.18 2.0 -0.00 
  18   18                 23, 1                                                                                                                                         15, 51, 53, 33, 24, 34, 41, 43, 27, 48, 47, 12, 32, 16, 38, 46, 20      c, c Gaussian        0        -0.00 1.0 -0.00 
  18   19                27, 50                                                                                                                                          1, 15, 51, 53, 33, 24, 34, 41, 43, 38, 12, 20, 16, 47, 48, 46, 32      c, c Gaussian        0         0.04 1.0  0.02 
  18   20                48, 30                                                                                                                                          50, 1, 15, 51, 53, 33, 24, 34, 41, 43, 38, 12, 20, 16, 47, 32, 46      c, c Gaussian        0         0.01 1.0  0.00 
  18   21                47, 52                                                                                                                                          30, 50, 1, 15, 51, 53, 33, 24, 34, 41, 43, 38, 12, 20, 16, 32, 46      c, c  Student        0 -0.00, 25.14 2.0 -0.00 
  18   22                38, 55                                                                                                                                          52, 30, 50, 1, 15, 51, 53, 33, 24, 34, 41, 43, 12, 32, 16, 46, 20      c, c  Student        0  0.06, 17.76 2.0  0.04 
  18   23                51, 45                                                                                                                                          55, 52, 30, 50, 1, 15, 32, 16, 12, 34, 46, 20, 24, 41, 43, 33, 53      c, c Gaussian        0        -0.02 1.0 -0.02 
  18   24                53, 10                                                                                                                                          45, 55, 52, 30, 50, 1, 15, 32, 16, 12, 34, 46, 20, 24, 41, 43, 33      c, c Gaussian        0        -0.03 1.0 -0.02 
  18   25                28, 10                                                                                                                                          45, 55, 52, 30, 50, 1, 33, 24, 32, 16, 12, 41, 15, 46, 20, 43, 34      c, c Gaussian        0        -0.00 1.0 -0.00 
  18   26                33, 42                                                                                                                                          10, 45, 55, 52, 30, 50, 1, 15, 32, 16, 12, 34, 46, 20, 24, 41, 43      c, c  Student        0  0.00, 20.88 2.0  0.00 
  18   27                10, 49                                                                                                                                          42, 45, 55, 52, 24, 32, 16, 12, 41, 15, 46, 20, 34, 1, 43, 30, 50      c, c Gaussian        0        -0.02 1.0 -0.01 
  18   28                24, 14                                                                                                                                          49, 42, 45, 55, 52, 30, 50, 1, 15, 32, 16, 12, 34, 46, 20, 41, 43      c, c Gaussian        0         0.00 1.0  0.00 
  18   29                32, 39                                                                                                                                          14, 49, 42, 45, 55, 52, 30, 50, 1, 15, 34, 41, 43, 12, 20, 16, 46      c, c Gaussian        0         0.01 1.0  0.01 
  18   30                 16, 9                                                                                                                                          39, 14, 49, 42, 45, 55, 52, 30, 50, 1, 15, 34, 41, 43, 12, 20, 46      c, c Gaussian        0        -0.01 1.0 -0.01 
  18   31                12, 22                                                                                                                                           9, 39, 14, 49, 42, 45, 55, 52, 30, 50, 1, 15, 34, 41, 43, 46, 20      c, c  Student        0  0.04, 18.17 2.0  0.02 
  18   32                41, 40                                                                                                                                           22, 9, 39, 14, 49, 42, 45, 55, 52, 30, 50, 1, 15, 34, 46, 20, 43      c, c Gaussian        0         0.03 1.0  0.02 
  18   33                15, 54                                                                                                                                           40, 22, 9, 39, 14, 49, 42, 45, 55, 52, 30, 50, 1, 34, 43, 46, 20      c, c Gaussian        0         0.03 1.0  0.02 
  18   34                26, 46                                                                                                                                           20, 9, 39, 14, 49, 45, 55, 52, 30, 34, 1, 13, 31, 50, 42, 22, 43      c, c Gaussian        0        -0.01 1.0 -0.00 
  18   35                 3, 46                                                                                                                                           20, 9, 39, 14, 49, 45, 55, 52, 30, 34, 22, 42, 50, 43, 40, 1, 54      c, c Gaussian        0        -0.01 1.0 -0.01 
  18   36                31, 40                                                                                                                                           46, 20, 9, 39, 14, 49, 45, 55, 52, 30, 34, 1, 13, 22, 42, 43, 50      c, c Gaussian        0         0.03 1.0  0.02 
  18   37                54, 13                                                                                                                                           46, 20, 9, 39, 14, 49, 45, 55, 52, 30, 34, 22, 42, 50, 43, 40, 1      c, c Gaussian        0         0.02 1.0  0.01 
  19    1                 6, 53                                                                                                                                       33, 24, 34, 41, 43, 38, 4, 12, 20, 16, 47, 48, 46, 27, 32, 2, 18, 19      c, c Gaussian        0         0.01 1.0  0.01 
  19    2                19, 51                                                                                                                                       53, 33, 24, 34, 41, 43, 38, 4, 12, 20, 16, 47, 48, 46, 27, 32, 2, 18      c, c Gaussian        0         0.02 1.0  0.02 
  19    3                 4, 37                                                                                                                                      51, 53, 33, 24, 34, 41, 43, 38, 18, 2, 27, 48, 47, 32, 16, 46, 20, 12      c, c Gaussian        0         0.02 1.0  0.01 
  19    4                 18, 8                                                                                                                                      37, 51, 53, 33, 24, 34, 41, 43, 38, 12, 20, 16, 47, 48, 46, 27, 32, 2      c, c Gaussian        0         0.04 1.0  0.03 
  19    5                 2, 29                                                                                                                                      8, 37, 51, 53, 33, 24, 34, 41, 43, 38, 12, 20, 16, 47, 48, 46, 27, 32      c, c Gaussian        0         0.03 1.0  0.02 
  19    6                21, 16                                                                                                                                        12, 34, 51, 8, 37, 46, 20, 53, 17, 33, 41, 36, 43, 24, 11, 25, 5, 7      c, c  Student        0 -0.01, 16.22 2.0 -0.01 
  19    7                 7, 29                                                                                                                                       16, 12, 34, 51, 8, 37, 46, 20, 53, 17, 33, 41, 36, 43, 24, 11, 25, 5      c, c Gaussian        0         0.01 1.0  0.01 
  19    8                 5, 35                                                                                                                                      29, 16, 12, 34, 51, 8, 37, 46, 20, 53, 17, 33, 41, 36, 43, 24, 11, 25      c, c Gaussian        0         0.05 1.0  0.03 
  19    9                11, 44                                                                                                                                      35, 29, 16, 12, 34, 51, 8, 37, 46, 20, 53, 17, 33, 41, 36, 43, 24, 25      c, c Gaussian        0         0.02 1.0  0.01 
  19   10                25, 32                                                                                                                                      44, 35, 29, 16, 12, 34, 51, 8, 37, 46, 20, 53, 17, 33, 41, 36, 43, 24      c, c Gaussian        0        -0.00 1.0 -0.00 
  19   11                17, 38                                                                                                                                      32, 44, 35, 29, 16, 12, 34, 51, 8, 37, 46, 20, 53, 33, 36, 24, 43, 41      c, c Gaussian        0         0.01 1.0  0.01 
  19   12                36, 47                                                                                                                                      38, 32, 44, 35, 29, 16, 12, 34, 51, 8, 37, 46, 20, 53, 33, 41, 43, 24      c, c Gaussian        0         0.01 1.0  0.00 
  19   13                44, 48                                                                                                                                      47, 38, 32, 16, 12, 34, 51, 53, 33, 46, 20, 29, 8, 24, 37, 43, 41, 35      c, c Gaussian        0         0.01 1.0  0.01 
  19   14                35, 27                                                                                                                                      48, 47, 38, 32, 16, 12, 34, 51, 53, 33, 46, 20, 29, 8, 24, 37, 43, 41      c, c  Student        0   0.03, 8.98 2.0  0.02 
  19   15                29, 23                                                                                                                                      27, 48, 47, 38, 32, 16, 12, 34, 51, 53, 33, 46, 20, 24, 43, 8, 41, 37      c, c Gaussian        0        -0.02 1.0 -0.01 
  19   16                 8, 15                                                                                                                                     23, 27, 48, 47, 38, 32, 16, 12, 34, 51, 53, 33, 46, 20, 24, 43, 37, 41      c, c Gaussian        0        -0.01 1.0 -0.00 
  19   17                 37, 1                                                                                                                                     15, 23, 27, 48, 47, 38, 32, 16, 12, 34, 51, 53, 33, 46, 20, 24, 43, 41      c, c Gaussian        0         0.01 1.0  0.01 
  19   18                23, 50                                                                                                                                      1, 15, 51, 53, 33, 24, 34, 41, 43, 27, 48, 47, 12, 32, 16, 38, 46, 20      c, c Gaussian        0         0.05 1.0  0.03 
  19   19                27, 30                                                                                                                                      50, 1, 15, 51, 53, 33, 24, 34, 41, 43, 38, 12, 20, 16, 47, 48, 46, 32      c, c Gaussian        0         0.01 1.0  0.01 
  19   20                48, 52                                                                                                                                      30, 50, 1, 15, 51, 53, 33, 24, 34, 41, 43, 38, 12, 20, 16, 47, 32, 46      c, c Gaussian        0         0.03 1.0  0.02 
  19   21                47, 55                                                                                                                                      52, 30, 50, 1, 15, 51, 53, 33, 24, 34, 41, 43, 38, 12, 20, 16, 32, 46      c, c Gaussian        0         0.04 1.0  0.02 
  19   22                38, 45                                                                                                                                      55, 52, 30, 50, 1, 15, 51, 53, 33, 24, 34, 41, 43, 12, 32, 16, 46, 20      c, c Gaussian        0        -0.01 1.0 -0.01 
  19   23                51, 10                                                                                                                                      45, 55, 52, 30, 50, 1, 15, 32, 16, 12, 34, 46, 20, 24, 41, 43, 33, 53      c, c Gaussian        0         0.00 1.0  0.00 
  19   24                53, 42                                                                                                                                      10, 45, 55, 52, 30, 50, 1, 15, 32, 16, 12, 34, 46, 20, 24, 41, 43, 33      c, c Gaussian        0         0.02 1.0  0.01 
  19   25                28, 42                                                                                                                                      10, 45, 55, 52, 30, 50, 1, 33, 24, 32, 16, 12, 41, 15, 46, 20, 43, 34      c, c Gaussian        0         0.08 1.0  0.05 
  19   26                33, 49                                                                                                                                      42, 10, 45, 55, 52, 30, 50, 1, 15, 32, 16, 12, 34, 46, 20, 24, 41, 43      c, c Gaussian        0         0.02 1.0  0.01 
  19   27                10, 14                                                                                                                                      49, 42, 45, 55, 52, 24, 32, 16, 12, 41, 15, 46, 20, 34, 1, 43, 30, 50      c, c Gaussian        0        -0.02 1.0 -0.01 
  19   28                24, 39                                                                                                                                      14, 49, 42, 45, 55, 52, 30, 50, 1, 15, 32, 16, 12, 34, 46, 20, 41, 43      c, c Gaussian        0         0.00 1.0  0.00 
  19   29                 32, 9                                                                                                                                      39, 14, 49, 42, 45, 55, 52, 30, 50, 1, 15, 34, 41, 43, 12, 20, 16, 46      c, c Gaussian        0         0.00 1.0  0.00 
  19   30                16, 22                                                                                                                                       9, 39, 14, 49, 42, 45, 55, 52, 30, 50, 1, 15, 34, 41, 43, 12, 20, 46      c, c  Student        0  0.02, 15.23 2.0  0.01 
  19   31                12, 40                                                                                                                                       22, 9, 39, 14, 49, 42, 45, 55, 52, 30, 50, 1, 15, 34, 41, 43, 46, 20      c, c Gaussian        0        -0.01 1.0 -0.00 
  19   32                41, 54                                                                                                                                       40, 22, 9, 39, 14, 49, 42, 45, 55, 52, 30, 50, 1, 15, 34, 46, 20, 43      c, c Gaussian        0         0.03 1.0  0.02 
  19   33                 15, 3                                                                                                                                       54, 40, 22, 9, 39, 14, 49, 42, 45, 55, 52, 30, 50, 1, 34, 43, 46, 20      c, c Gaussian        0         0.03 1.0  0.02 
  19   34                26, 40                                                                                                                                       46, 20, 9, 39, 14, 49, 45, 55, 52, 30, 34, 1, 13, 31, 50, 42, 22, 43      c, c Gaussian        0         0.02 1.0  0.01 
  19   35                 3, 13                                                                                                                                       46, 20, 9, 39, 14, 49, 45, 55, 52, 30, 34, 22, 42, 50, 43, 40, 1, 54      c, c Gaussian        0         0.02 1.0  0.01 
  19   36                31, 54                                                                                                                                       40, 46, 20, 9, 39, 14, 49, 45, 55, 52, 30, 34, 1, 13, 22, 42, 43, 50      c, c Gaussian        0         0.00 1.0  0.00 
  20    1                 6, 51                                                                                                                                   53, 33, 24, 34, 41, 43, 38, 4, 12, 20, 16, 47, 48, 46, 27, 32, 2, 18, 19      c, c Gaussian        0         0.02 1.0  0.01 
  20    2                19, 37                                                                                                                                   51, 53, 33, 24, 34, 41, 43, 38, 4, 12, 20, 16, 47, 48, 46, 27, 32, 2, 18      c, c Gaussian        0         0.02 1.0  0.01 
  20    3                  4, 8                                                                                                                                  37, 51, 53, 33, 24, 34, 41, 43, 38, 18, 2, 27, 48, 47, 32, 16, 46, 20, 12      c, c Gaussian        0         0.01 1.0  0.01 
  20    4                18, 29                                                                                                                                   8, 37, 51, 53, 33, 24, 34, 41, 43, 38, 12, 20, 16, 47, 48, 46, 27, 32, 2      c, c Gaussian        0        -0.01 1.0 -0.01 
  20    5                 2, 35                                                                                                                                  29, 8, 37, 51, 53, 33, 24, 34, 41, 43, 38, 12, 20, 16, 47, 48, 46, 27, 32      c, c Gaussian        0         0.02 1.0  0.01 
  20    6                21, 29                                                                                                                                    16, 12, 34, 51, 8, 37, 46, 20, 53, 17, 33, 41, 36, 43, 24, 11, 25, 5, 7      c, c Gaussian        0         0.03 1.0  0.02 
  20    7                 7, 35                                                                                                                                   29, 16, 12, 34, 51, 8, 37, 46, 20, 53, 17, 33, 41, 36, 43, 24, 11, 25, 5      c, c Gaussian        0         0.00 1.0  0.00 
  20    8                 5, 44                                                                                                                                  35, 29, 16, 12, 34, 51, 8, 37, 46, 20, 53, 17, 33, 41, 36, 43, 24, 11, 25      c, c Gaussian        0         0.02 1.0  0.01 
  20    9                11, 32                                                                                                                                  44, 35, 29, 16, 12, 34, 51, 8, 37, 46, 20, 53, 17, 33, 41, 36, 43, 24, 25      c, c Gaussian        0        -0.01 1.0 -0.01 
  20   10                25, 38                                                                                                                                  32, 44, 35, 29, 16, 12, 34, 51, 8, 37, 46, 20, 53, 17, 33, 41, 36, 43, 24      c, c Gaussian        0         0.01 1.0  0.01 
  20   11                17, 47                                                                                                                                  38, 32, 44, 35, 29, 16, 12, 34, 51, 8, 37, 46, 20, 53, 33, 36, 24, 43, 41      c, c  Student        0  0.07, 20.87 2.0  0.05 
  20   12                36, 48                                                                                                                                  47, 38, 32, 44, 35, 29, 16, 12, 34, 51, 8, 37, 46, 20, 53, 33, 41, 43, 24      c, c Gaussian        0         0.02 1.0  0.01 
  20   13                44, 27                                                                                                                                  48, 47, 38, 32, 16, 12, 34, 51, 53, 33, 46, 20, 29, 8, 24, 37, 43, 41, 35      c, c Gaussian        0         0.04 1.0  0.02 
  20   14                35, 23                                                                                                                                  27, 48, 47, 38, 32, 16, 12, 34, 51, 53, 33, 46, 20, 29, 8, 24, 37, 43, 41      c, c  Student        0  0.04, 19.26 2.0  0.03 
  20   15                29, 15                                                                                                                                  23, 27, 48, 47, 38, 32, 16, 12, 34, 51, 53, 33, 46, 20, 24, 43, 8, 41, 37      c, c  Student        0  0.06, 23.11 2.0  0.04 
  20   16                  8, 1                                                                                                                                 15, 23, 27, 48, 47, 38, 32, 16, 12, 34, 51, 53, 33, 46, 20, 24, 43, 37, 41      c, c Gaussian        0        -0.01 1.0 -0.01 
  20   17                37, 50                                                                                                                                  1, 15, 23, 27, 48, 47, 38, 32, 16, 12, 34, 51, 53, 33, 46, 20, 24, 43, 41      c, c Gaussian        0         0.06 1.0  0.04 
  20   18                23, 30                                                                                                                                  50, 1, 15, 51, 53, 33, 24, 34, 41, 43, 27, 48, 47, 12, 32, 16, 38, 46, 20      c, c Gaussian        0        -0.00 1.0 -0.00 
  20   19                27, 52                                                                                                                                  30, 50, 1, 15, 51, 53, 33, 24, 34, 41, 43, 38, 12, 20, 16, 47, 48, 46, 32      c, c Gaussian        0        -0.02 1.0 -0.01 
  20   20                48, 55                                                                                                                                  52, 30, 50, 1, 15, 51, 53, 33, 24, 34, 41, 43, 38, 12, 20, 16, 47, 32, 46      c, c Gaussian        0         0.03 1.0  0.02 
  20   21                47, 45                                                                                                                                  55, 52, 30, 50, 1, 15, 51, 53, 33, 24, 34, 41, 43, 38, 12, 20, 16, 32, 46      c, c  Student        0  0.03, 27.04 2.0  0.02 
  20   22                38, 10                                                                                                                                  45, 55, 52, 30, 50, 1, 15, 51, 53, 33, 24, 34, 41, 43, 12, 32, 16, 46, 20      c, c Gaussian        0        -0.02 1.0 -0.01 
  20   23                51, 42                                                                                                                                  10, 45, 55, 52, 30, 50, 1, 15, 32, 16, 12, 34, 46, 20, 24, 41, 43, 33, 53      c, c Gaussian        0         0.03 1.0  0.02 
  20   24                53, 49                                                                                                                                  42, 10, 45, 55, 52, 30, 50, 1, 15, 32, 16, 12, 34, 46, 20, 24, 41, 43, 33      c, c Gaussian        0         0.03 1.0  0.02 
  20   25                28, 49                                                                                                                                  42, 10, 45, 55, 52, 30, 50, 1, 33, 24, 32, 16, 12, 41, 15, 46, 20, 43, 34      c, c Gaussian        0         0.01 1.0  0.01 
  20   26                33, 14                                                                                                                                  49, 42, 10, 45, 55, 52, 30, 50, 1, 15, 32, 16, 12, 34, 46, 20, 24, 41, 43      c, c Gaussian        0         0.01 1.0  0.00 
  20   27                10, 39                                                                                                                                  14, 49, 42, 45, 55, 52, 24, 32, 16, 12, 41, 15, 46, 20, 34, 1, 43, 30, 50      c, c Gaussian        0         0.02 1.0  0.01 
  20   28                 24, 9                                                                                                                                  39, 14, 49, 42, 45, 55, 52, 30, 50, 1, 15, 32, 16, 12, 34, 46, 20, 41, 43      c, c Gaussian        0         0.02 1.0  0.01 
  20   29                32, 22                                                                                                                                   9, 39, 14, 49, 42, 45, 55, 52, 30, 50, 1, 15, 34, 41, 43, 12, 20, 16, 46      c, c Gaussian        0         0.05 1.0  0.03 
  20   30                16, 40                                                                                                                                   22, 9, 39, 14, 49, 42, 45, 55, 52, 30, 50, 1, 15, 34, 41, 43, 12, 20, 46      c, c Gaussian        0         0.00 1.0  0.00 
  20   31                12, 54                                                                                                                                   40, 22, 9, 39, 14, 49, 42, 45, 55, 52, 30, 50, 1, 15, 34, 41, 43, 46, 20      c, c Gaussian        0         0.04 1.0  0.03 
  20   32                 41, 3                                                                                                                                   54, 40, 22, 9, 39, 14, 49, 42, 45, 55, 52, 30, 50, 1, 15, 34, 46, 20, 43      c, c Gaussian        0         0.01 1.0  0.01 
  20   33                15, 13                                                                                                                                    3, 54, 40, 22, 9, 39, 14, 49, 42, 45, 55, 52, 30, 50, 1, 34, 43, 46, 20      c, c Gaussian        0         0.00 1.0  0.00 
  20   34                26, 54                                                                                                                                   40, 46, 20, 9, 39, 14, 49, 45, 55, 52, 30, 34, 1, 13, 31, 50, 42, 22, 43      c, c Gaussian        0         0.00 1.0  0.00 
  20   35                 3, 31                                                                                                                                   13, 46, 20, 9, 39, 14, 49, 45, 55, 52, 30, 34, 22, 42, 50, 43, 40, 1, 54      c, c Gaussian        0        -0.00 1.0 -0.00 
  21    1                 6, 37                                                                                                                               51, 53, 33, 24, 34, 41, 43, 38, 4, 12, 20, 16, 47, 48, 46, 27, 32, 2, 18, 19      c, c Gaussian        0        -0.02 1.0 -0.01 
  21    2                 19, 8                                                                                                                               37, 51, 53, 33, 24, 34, 41, 43, 38, 4, 12, 20, 16, 47, 48, 46, 27, 32, 2, 18      c, c Gaussian        0        -0.00 1.0 -0.00 
  21    3                 4, 29                                                                                                                               8, 37, 51, 53, 33, 24, 34, 41, 43, 38, 18, 2, 27, 48, 47, 32, 16, 46, 20, 12      c, c Gaussian        0        -0.01 1.0 -0.01 
  21    4                18, 35                                                                                                                               29, 8, 37, 51, 53, 33, 24, 34, 41, 43, 38, 12, 20, 16, 47, 48, 46, 27, 32, 2      c, c Gaussian        0        -0.01 1.0 -0.01 
  21    5                 2, 44                                                                                                                              35, 29, 8, 37, 51, 53, 33, 24, 34, 41, 43, 38, 12, 20, 16, 47, 48, 46, 27, 32      c, c Gaussian        0         0.01 1.0  0.01 
  21    6                21, 35                                                                                                                                29, 16, 12, 34, 51, 8, 37, 46, 20, 53, 17, 33, 41, 36, 43, 24, 11, 25, 5, 7      c, c Gaussian        0        -0.02 1.0 -0.01 
  21    7                 7, 44                                                                                                                               35, 29, 16, 12, 34, 51, 8, 37, 46, 20, 53, 17, 33, 41, 36, 43, 24, 11, 25, 5      c, c Gaussian        0        -0.01 1.0 -0.00 
  21    8                 5, 32                                                                                                                              44, 35, 29, 16, 12, 34, 51, 8, 37, 46, 20, 53, 17, 33, 41, 36, 43, 24, 11, 25      c, c Gaussian        0         0.01 1.0  0.01 
  21    9                11, 38                                                                                                                              32, 44, 35, 29, 16, 12, 34, 51, 8, 37, 46, 20, 53, 17, 33, 41, 36, 43, 24, 25      c, c  Student        0  0.04, 22.07 2.0  0.02 
  21   10                25, 47                                                                                                                              38, 32, 44, 35, 29, 16, 12, 34, 51, 8, 37, 46, 20, 53, 17, 33, 41, 36, 43, 24      c, c Gaussian        0         0.01 1.0  0.00 
  21   11                17, 48                                                                                                                              47, 38, 32, 44, 35, 29, 16, 12, 34, 51, 8, 37, 46, 20, 53, 33, 36, 24, 43, 41      c, c Gaussian        0         0.05 1.0  0.03 
  21   12                36, 27                                                                                                                              48, 47, 38, 32, 44, 35, 29, 16, 12, 34, 51, 8, 37, 46, 20, 53, 33, 41, 43, 24      c, c Gaussian        0         0.01 1.0  0.01 
  21   13                44, 23                                                                                                                              27, 48, 47, 38, 32, 16, 12, 34, 51, 53, 33, 46, 20, 29, 8, 24, 37, 43, 41, 35      c, c Gaussian        0         0.02 1.0  0.01 
  21   14                35, 15                                                                                                                              23, 27, 48, 47, 38, 32, 16, 12, 34, 51, 53, 33, 46, 20, 29, 8, 24, 37, 43, 41      c, c Gaussian        0         0.01 1.0  0.00 
  21   15                 29, 1                                                                                                                              15, 23, 27, 48, 47, 38, 32, 16, 12, 34, 51, 53, 33, 46, 20, 24, 43, 8, 41, 37      c, c Gaussian        0        -0.03 1.0 -0.02 
  21   16                 8, 50                                                                                                                              1, 15, 23, 27, 48, 47, 38, 32, 16, 12, 34, 51, 53, 33, 46, 20, 24, 43, 37, 41      c, c Gaussian        0         0.04 1.0  0.02 
  21   17                37, 30                                                                                                                              50, 1, 15, 23, 27, 48, 47, 38, 32, 16, 12, 34, 51, 53, 33, 46, 20, 24, 43, 41      c, c Gaussian        0         0.07 1.0  0.04 
  21   18                23, 52                                                                                                                              30, 50, 1, 15, 51, 53, 33, 24, 34, 41, 43, 27, 48, 47, 12, 32, 16, 38, 46, 20      c, c Gaussian        0         0.00 1.0  0.00 
  21   19                27, 55                                                                                                                              52, 30, 50, 1, 15, 51, 53, 33, 24, 34, 41, 43, 38, 12, 20, 16, 47, 48, 46, 32      c, c Gaussian        0        -0.01 1.0 -0.00 
  21   20                48, 45                                                                                                                              55, 52, 30, 50, 1, 15, 51, 53, 33, 24, 34, 41, 43, 38, 12, 20, 16, 47, 32, 46      c, c  Student        0 -0.00, 29.04 2.0 -0.00 
  21   21                47, 10                                                                                                                              45, 55, 52, 30, 50, 1, 15, 51, 53, 33, 24, 34, 41, 43, 38, 12, 20, 16, 32, 46      c, c Gaussian        0        -0.02 1.0 -0.01 
  21   22                38, 42                                                                                                                              10, 45, 55, 52, 30, 50, 1, 15, 51, 53, 33, 24, 34, 41, 43, 12, 32, 16, 46, 20      c, c Gaussian        0         0.02 1.0  0.01 
  21   23                51, 49                                                                                                                              42, 10, 45, 55, 52, 30, 50, 1, 15, 32, 16, 12, 34, 46, 20, 24, 41, 43, 33, 53      c, c Gaussian        0         0.00 1.0  0.00 
  21   24                53, 14                                                                                                                              49, 42, 10, 45, 55, 52, 30, 50, 1, 15, 32, 16, 12, 34, 46, 20, 24, 41, 43, 33      c, c Gaussian        0         0.10 1.0  0.06 
  21   25                28, 14                                                                                                                              49, 42, 10, 45, 55, 52, 30, 50, 1, 33, 24, 32, 16, 12, 41, 15, 46, 20, 43, 34      c, c Gaussian        0         0.00 1.0  0.00 
  21   26                33, 39                                                                                                                              14, 49, 42, 10, 45, 55, 52, 30, 50, 1, 15, 32, 16, 12, 34, 46, 20, 24, 41, 43      c, c  Student        0  0.03, 22.93 2.0  0.02 
  21   27                 10, 9                                                                                                                              39, 14, 49, 42, 45, 55, 52, 24, 32, 16, 12, 41, 15, 46, 20, 34, 1, 43, 30, 50      c, c Gaussian        0         0.00 1.0  0.00 
  21   28                24, 22                                                                                                                               9, 39, 14, 49, 42, 45, 55, 52, 30, 50, 1, 15, 32, 16, 12, 34, 46, 20, 41, 43      c, c  Student        0  0.07, 19.49 2.0  0.04 
  21   29                32, 40                                                                                                                               22, 9, 39, 14, 49, 42, 45, 55, 52, 30, 50, 1, 15, 34, 41, 43, 12, 20, 16, 46      c, c Gaussian        0         0.04 1.0  0.03 
  21   30                16, 54                                                                                                                               40, 22, 9, 39, 14, 49, 42, 45, 55, 52, 30, 50, 1, 15, 34, 41, 43, 12, 20, 46      c, c Gaussian        0         0.02 1.0  0.01 
  21   31                 12, 3                                                                                                                               54, 40, 22, 9, 39, 14, 49, 42, 45, 55, 52, 30, 50, 1, 15, 34, 41, 43, 46, 20      c, c Gaussian        0         0.03 1.0  0.02 
  21   32                41, 13                                                                                                                                3, 54, 40, 22, 9, 39, 14, 49, 42, 45, 55, 52, 30, 50, 1, 15, 34, 46, 20, 43      c, c Gaussian        0         0.01 1.0  0.00 
  21   33                15, 31                                                                                                                                13, 3, 54, 40, 22, 9, 39, 14, 49, 42, 45, 55, 52, 30, 50, 1, 34, 43, 46, 20      c, c  Student        0  0.03, 22.20 2.0  0.02 
  21   34                 26, 3                                                                                                                               54, 40, 46, 20, 9, 39, 14, 49, 45, 55, 52, 30, 34, 1, 13, 31, 50, 42, 22, 43      c, c Gaussian        0         0.03 1.0  0.02 
  22    1                  6, 8                                                                                                                           37, 51, 53, 33, 24, 34, 41, 43, 38, 4, 12, 20, 16, 47, 48, 46, 27, 32, 2, 18, 19      c, c Gaussian        0        -0.01 1.0 -0.00 
  22    2                19, 29                                                                                                                            8, 37, 51, 53, 33, 24, 34, 41, 43, 38, 4, 12, 20, 16, 47, 48, 46, 27, 32, 2, 18      c, c Gaussian        0        -0.01 1.0 -0.01 
  22    3                 4, 35                                                                                                                           29, 8, 37, 51, 53, 33, 24, 34, 41, 43, 38, 18, 2, 27, 48, 47, 32, 16, 46, 20, 12      c, c Gaussian        0         0.01 1.0  0.01 
  22    4                18, 44                                                                                                                           35, 29, 8, 37, 51, 53, 33, 24, 34, 41, 43, 38, 12, 20, 16, 47, 48, 46, 27, 32, 2      c, c Gaussian        0        -0.02 1.0 -0.01 
  22    5                 2, 36                                                                                                                          44, 35, 29, 8, 37, 51, 53, 33, 24, 34, 41, 43, 38, 12, 20, 16, 47, 48, 46, 27, 32      c, c Gaussian        0        -0.00 1.0 -0.00 
  22    6                21, 44                                                                                                                            35, 29, 16, 12, 34, 51, 8, 37, 46, 20, 53, 17, 33, 41, 36, 43, 24, 11, 25, 5, 7      c, c Gaussian        0         0.03 1.0  0.02 
  22    7                 7, 32                                                                                                                           44, 35, 29, 16, 12, 34, 51, 8, 37, 46, 20, 53, 17, 33, 41, 36, 43, 24, 11, 25, 5      c, c Gaussian        0         0.02 1.0  0.02 
  22    8                 5, 38                                                                                                                          32, 44, 35, 29, 16, 12, 34, 51, 8, 37, 46, 20, 53, 17, 33, 41, 36, 43, 24, 11, 25      c, c Gaussian        0        -0.01 1.0 -0.01 
  22    9                11, 47                                                                                                                          38, 32, 44, 35, 29, 16, 12, 34, 51, 8, 37, 46, 20, 53, 17, 33, 41, 36, 43, 24, 25      c, c Gaussian        0        -0.01 1.0 -0.00 
  22   10                25, 48                                                                                                                          47, 38, 32, 44, 35, 29, 16, 12, 34, 51, 8, 37, 46, 20, 53, 17, 33, 41, 36, 43, 24      c, c  Student        0  0.02, 18.02 2.0  0.01 
  22   11                17, 27                                                                                                                          48, 47, 38, 32, 44, 35, 29, 16, 12, 34, 51, 8, 37, 46, 20, 53, 33, 36, 24, 43, 41      c, c Gaussian        0         0.03 1.0  0.02 
  22   12                36, 23                                                                                                                          27, 48, 47, 38, 32, 44, 35, 29, 16, 12, 34, 51, 8, 37, 46, 20, 53, 33, 41, 43, 24      c, c Gaussian        0         0.04 1.0  0.02 
  22   13                44, 15                                                                                                                          23, 27, 48, 47, 38, 32, 16, 12, 34, 51, 53, 33, 46, 20, 29, 8, 24, 37, 43, 41, 35      c, c Gaussian        0        -0.01 1.0 -0.01 
  22   14                 35, 1                                                                                                                          15, 23, 27, 48, 47, 38, 32, 16, 12, 34, 51, 53, 33, 46, 20, 29, 8, 24, 37, 43, 41      c, c Gaussian        0         0.01 1.0  0.00 
  22   15                29, 50                                                                                                                           1, 15, 23, 27, 48, 47, 38, 32, 16, 12, 34, 51, 53, 33, 46, 20, 24, 43, 8, 41, 37      c, c Gaussian        0         0.03 1.0  0.02 
  22   16                 8, 30                                                                                                                          50, 1, 15, 23, 27, 48, 47, 38, 32, 16, 12, 34, 51, 53, 33, 46, 20, 24, 43, 37, 41      c, c Gaussian        0         0.05 1.0  0.03 
  22   17                37, 52                                                                                                                          30, 50, 1, 15, 23, 27, 48, 47, 38, 32, 16, 12, 34, 51, 53, 33, 46, 20, 24, 43, 41      c, c Gaussian        0         0.02 1.0  0.01 
  22   18                23, 55                                                                                                                          52, 30, 50, 1, 15, 51, 53, 33, 24, 34, 41, 43, 27, 48, 47, 12, 32, 16, 38, 46, 20      c, c Gaussian        0         0.01 1.0  0.01 
  22   19                27, 45                                                                                                                          55, 52, 30, 50, 1, 15, 51, 53, 33, 24, 34, 41, 43, 38, 12, 20, 16, 47, 48, 46, 32      c, c Gaussian        0         0.01 1.0  0.00 
  22   20                48, 10                                                                                                                          45, 55, 52, 30, 50, 1, 15, 51, 53, 33, 24, 34, 41, 43, 38, 12, 20, 16, 47, 32, 46      c, c Gaussian        0         0.02 1.0  0.01 
  22   21                47, 42                                                                                                                          10, 45, 55, 52, 30, 50, 1, 15, 51, 53, 33, 24, 34, 41, 43, 38, 12, 20, 16, 32, 46      c, c Gaussian        0         0.06 1.0  0.04 
  22   22                38, 49                                                                                                                          42, 10, 45, 55, 52, 30, 50, 1, 15, 51, 53, 33, 24, 34, 41, 43, 12, 32, 16, 46, 20      c, c Gaussian        0         0.00 1.0  0.00 
  22   23                51, 14                                                                                                                          49, 42, 10, 45, 55, 52, 30, 50, 1, 15, 32, 16, 12, 34, 46, 20, 24, 41, 43, 33, 53      c, c Gaussian        0        -0.02 1.0 -0.01 
  22   24                53, 39                                                                                                                          14, 49, 42, 10, 45, 55, 52, 30, 50, 1, 15, 32, 16, 12, 34, 46, 20, 24, 41, 43, 33      c, c Gaussian        0         0.01 1.0  0.01 
  22   25                28, 39                                                                                                                          14, 49, 42, 10, 45, 55, 52, 30, 50, 1, 33, 24, 32, 16, 12, 41, 15, 46, 20, 43, 34      c, c  Student        0  0.05, 17.68 2.0  0.03 
  22   26                 33, 9                                                                                                                          39, 14, 49, 42, 10, 45, 55, 52, 30, 50, 1, 15, 32, 16, 12, 34, 46, 20, 24, 41, 43      c, c  Student        0  0.00, 24.08 2.0  0.00 
  22   27                10, 22                                                                                                                           9, 39, 14, 49, 42, 45, 55, 52, 24, 32, 16, 12, 41, 15, 46, 20, 34, 1, 43, 30, 50      c, c Gaussian        0         0.02 1.0  0.01 
  22   28                24, 40                                                                                                                           22, 9, 39, 14, 49, 42, 45, 55, 52, 30, 50, 1, 15, 32, 16, 12, 34, 46, 20, 41, 43      c, c  Student        0  0.05, 23.90 2.0  0.03 
  22   29                32, 54                                                                                                                           40, 22, 9, 39, 14, 49, 42, 45, 55, 52, 30, 50, 1, 15, 34, 41, 43, 12, 20, 16, 46      c, c Gaussian        0         0.02 1.0  0.01 
  22   30                 16, 3                                                                                                                           54, 40, 22, 9, 39, 14, 49, 42, 45, 55, 52, 30, 50, 1, 15, 34, 41, 43, 12, 20, 46      c, c  Student        0  0.03, 22.24 2.0  0.02 
  22   31                12, 13                                                                                                                            3, 54, 40, 22, 9, 39, 14, 49, 42, 45, 55, 52, 30, 50, 1, 15, 34, 41, 43, 46, 20      c, c Gaussian        0        -0.00 1.0 -0.00 
  22   32                41, 31                                                                                                                            13, 3, 54, 40, 22, 9, 39, 14, 49, 42, 45, 55, 52, 30, 50, 1, 15, 34, 46, 20, 43      c, c Gaussian        0        -0.01 1.0 -0.01 
  22   33                15, 26                                                                                                                            31, 13, 3, 54, 40, 22, 9, 39, 14, 49, 42, 45, 55, 52, 30, 50, 1, 34, 43, 46, 20      c, c Gaussian        0        -0.01 1.0 -0.01 
  23    1                 6, 29                                                                                                                        8, 37, 51, 53, 33, 24, 34, 41, 43, 38, 4, 12, 20, 16, 47, 48, 46, 27, 32, 2, 18, 19      c, c Gaussian        0         0.01 1.0  0.00 
  23    2                19, 35                                                                                                                        29, 8, 37, 51, 53, 33, 24, 34, 41, 43, 38, 4, 12, 20, 16, 47, 48, 46, 27, 32, 2, 18      c, c Gaussian        0        -0.01 1.0 -0.00 
  23    3                 4, 44                                                                                                                       35, 29, 8, 37, 51, 53, 33, 24, 34, 41, 43, 38, 18, 2, 27, 48, 47, 32, 16, 46, 20, 12      c, c Gaussian        0        -0.03 1.0 -0.02 
  23    4                18, 36                                                                                                                       44, 35, 29, 8, 37, 51, 53, 33, 24, 34, 41, 43, 38, 12, 20, 16, 47, 48, 46, 27, 32, 2      c, c Gaussian        0        -0.01 1.0 -0.01 
  23    5                 2, 17                                                                                                                      36, 44, 35, 29, 8, 37, 51, 53, 33, 24, 34, 41, 43, 38, 12, 20, 16, 47, 48, 46, 27, 32      c, c Gaussian        0         0.01 1.0  0.01 
  23    6                21, 32                                                                                                                        44, 35, 29, 16, 12, 34, 51, 8, 37, 46, 20, 53, 17, 33, 41, 36, 43, 24, 11, 25, 5, 7      c, c Gaussian        0        -0.00 1.0 -0.00 
  23    7                 7, 38                                                                                                                       32, 44, 35, 29, 16, 12, 34, 51, 8, 37, 46, 20, 53, 17, 33, 41, 36, 43, 24, 11, 25, 5      c, c Gaussian        0         0.01 1.0  0.01 
  23    8                 5, 47                                                                                                                      38, 32, 44, 35, 29, 16, 12, 34, 51, 8, 37, 46, 20, 53, 17, 33, 41, 36, 43, 24, 11, 25      c, c Gaussian        0         0.00 1.0  0.00 
  23    9                11, 48                                                                                                                      47, 38, 32, 44, 35, 29, 16, 12, 34, 51, 8, 37, 46, 20, 53, 17, 33, 41, 36, 43, 24, 25      c, c Gaussian        0        -0.03 1.0 -0.02 
  23   10                25, 27                                                                                                                      48, 47, 38, 32, 44, 35, 29, 16, 12, 34, 51, 8, 37, 46, 20, 53, 17, 33, 41, 36, 43, 24      c, c Gaussian        0        -0.02 1.0 -0.01 
  23   11                17, 23                                                                                                                      27, 48, 47, 38, 32, 44, 35, 29, 16, 12, 34, 51, 8, 37, 46, 20, 53, 33, 36, 24, 43, 41      c, c  Student        0  0.04, 19.65 2.0  0.03 
  23   12                36, 15                                                                                                                      23, 27, 48, 47, 38, 32, 44, 35, 29, 16, 12, 34, 51, 8, 37, 46, 20, 53, 33, 41, 43, 24      c, c Gaussian        0         0.02 1.0  0.01 
  23   13                 44, 1                                                                                                                      15, 23, 27, 48, 47, 38, 32, 16, 12, 34, 51, 53, 33, 46, 20, 29, 8, 24, 37, 43, 41, 35      c, c Gaussian        0        -0.01 1.0 -0.01 
  23   14                35, 50                                                                                                                       1, 15, 23, 27, 48, 47, 38, 32, 16, 12, 34, 51, 53, 33, 46, 20, 29, 8, 24, 37, 43, 41      c, c  Student        0  0.04, 20.98 2.0  0.03 
  23   15                29, 30                                                                                                                       50, 1, 15, 23, 27, 48, 47, 38, 32, 16, 12, 34, 51, 53, 33, 46, 20, 24, 43, 8, 41, 37      c, c Gaussian        0         0.05 1.0  0.03 
  23   16                 8, 52                                                                                                                      30, 50, 1, 15, 23, 27, 48, 47, 38, 32, 16, 12, 34, 51, 53, 33, 46, 20, 24, 43, 37, 41      c, c Gaussian        0         0.05 1.0  0.03 
  23   17                37, 55                                                                                                                      52, 30, 50, 1, 15, 23, 27, 48, 47, 38, 32, 16, 12, 34, 51, 53, 33, 46, 20, 24, 43, 41      c, c Gaussian        0         0.03 1.0  0.02 
  23   18                23, 45                                                                                                                      55, 52, 30, 50, 1, 15, 51, 53, 33, 24, 34, 41, 43, 27, 48, 47, 12, 32, 16, 38, 46, 20      c, c Gaussian        0         0.01 1.0  0.01 
  23   19                27, 10                                                                                                                      45, 55, 52, 30, 50, 1, 15, 51, 53, 33, 24, 34, 41, 43, 38, 12, 20, 16, 47, 48, 46, 32      c, c Gaussian        0         0.01 1.0  0.00 
  23   20                48, 42                                                                                                                      10, 45, 55, 52, 30, 50, 1, 15, 51, 53, 33, 24, 34, 41, 43, 38, 12, 20, 16, 47, 32, 46      c, c Gaussian        0         0.07 1.0  0.04 
  23   21                47, 49                                                                                                                      42, 10, 45, 55, 52, 30, 50, 1, 15, 51, 53, 33, 24, 34, 41, 43, 38, 12, 20, 16, 32, 46      c, c Gaussian        0         0.02 1.0  0.01 
  23   22                38, 14                                                                                                                      49, 42, 10, 45, 55, 52, 30, 50, 1, 15, 51, 53, 33, 24, 34, 41, 43, 12, 32, 16, 46, 20      c, c Gaussian        0         0.03 1.0  0.02 
  23   23                51, 39                                                                                                                      14, 49, 42, 10, 45, 55, 52, 30, 50, 1, 15, 32, 16, 12, 34, 46, 20, 24, 41, 43, 33, 53      c, c  Student        0  0.05, 20.15 2.0  0.03 
  23   24                 53, 9                                                                                                                      39, 14, 49, 42, 10, 45, 55, 52, 30, 50, 1, 15, 32, 16, 12, 34, 46, 20, 24, 41, 43, 33      c, c Gaussian        0         0.02 1.0  0.01 
  23   25                 28, 9                                                                                                                      39, 14, 49, 42, 10, 45, 55, 52, 30, 50, 1, 33, 24, 32, 16, 12, 41, 15, 46, 20, 43, 34      c, c Gaussian        0         0.02 1.0  0.01 
  23   26                33, 22                                                                                                                       9, 39, 14, 49, 42, 10, 45, 55, 52, 30, 50, 1, 15, 32, 16, 12, 34, 46, 20, 24, 41, 43      c, c Gaussian        0         0.03 1.0  0.02 
  23   27                10, 40                                                                                                                       22, 9, 39, 14, 49, 42, 45, 55, 52, 24, 32, 16, 12, 41, 15, 46, 20, 34, 1, 43, 30, 50      c, c  Student        0  0.01, 20.79 2.0  0.01 
  23   28                24, 54                                                                                                                       40, 22, 9, 39, 14, 49, 42, 45, 55, 52, 30, 50, 1, 15, 32, 16, 12, 34, 46, 20, 41, 43      c, c Gaussian        0         0.04 1.0  0.03 
  23   29                 32, 3                                                                                                                       54, 40, 22, 9, 39, 14, 49, 42, 45, 55, 52, 30, 50, 1, 15, 34, 41, 43, 12, 20, 16, 46      c, c Gaussian        0        -0.01 1.0 -0.01 
  23   30                16, 13                                                                                                                        3, 54, 40, 22, 9, 39, 14, 49, 42, 45, 55, 52, 30, 50, 1, 15, 34, 41, 43, 12, 20, 46      c, c  Student        0  0.02, 24.50 2.0  0.01 
  23   31                12, 31                                                                                                                        13, 3, 54, 40, 22, 9, 39, 14, 49, 42, 45, 55, 52, 30, 50, 1, 15, 34, 41, 43, 46, 20      c, c Gaussian        0         0.02 1.0  0.01 
  23   32                41, 26                                                                                                                        31, 13, 3, 54, 40, 22, 9, 39, 14, 49, 42, 45, 55, 52, 30, 50, 1, 15, 34, 46, 20, 43      c, c Gaussian        0         0.00 1.0  0.00 
  24    1                 6, 35                                                                                                                    29, 8, 37, 51, 53, 33, 24, 34, 41, 43, 38, 4, 12, 20, 16, 47, 48, 46, 27, 32, 2, 18, 19      c, c  Student        0  0.01, 20.97 2.0  0.01 
  24    2                19, 44                                                                                                                    35, 29, 8, 37, 51, 53, 33, 24, 34, 41, 43, 38, 4, 12, 20, 16, 47, 48, 46, 27, 32, 2, 18      c, c  Student        0 -0.01, 21.35 2.0 -0.01 
  24    3                 4, 36                                                                                                                   44, 35, 29, 8, 37, 51, 53, 33, 24, 34, 41, 43, 38, 18, 2, 27, 48, 47, 32, 16, 46, 20, 12      c, c Gaussian        0         0.03 1.0  0.02 
  24    4                18, 17                                                                                                                   36, 44, 35, 29, 8, 37, 51, 53, 33, 24, 34, 41, 43, 38, 12, 20, 16, 47, 48, 46, 27, 32, 2      c, c Gaussian        0         0.00 1.0  0.00 
  24    5                 2, 25                                                                                                                  17, 36, 44, 35, 29, 8, 37, 51, 53, 33, 24, 34, 41, 43, 38, 12, 20, 16, 47, 48, 46, 27, 32      c, c Gaussian        0        -0.02 1.0 -0.01 
  24    6                21, 38                                                                                                                    32, 44, 35, 29, 16, 12, 34, 51, 8, 37, 46, 20, 53, 17, 33, 41, 36, 43, 24, 11, 25, 5, 7      c, c Gaussian        0         0.01 1.0  0.01 
  24    7                 7, 47                                                                                                                   38, 32, 44, 35, 29, 16, 12, 34, 51, 8, 37, 46, 20, 53, 17, 33, 41, 36, 43, 24, 11, 25, 5      c, c Gaussian        0        -0.03 1.0 -0.02 
  24    8                 5, 48                                                                                                                  47, 38, 32, 44, 35, 29, 16, 12, 34, 51, 8, 37, 46, 20, 53, 17, 33, 41, 36, 43, 24, 11, 25      c, c Gaussian        0         0.00 1.0  0.00 
  24    9                11, 27                                                                                                                  48, 47, 38, 32, 44, 35, 29, 16, 12, 34, 51, 8, 37, 46, 20, 53, 17, 33, 41, 36, 43, 24, 25      c, c  Student        0  0.02, 21.30 2.0  0.01 
  24   10                25, 23                                                                                                                  27, 48, 47, 38, 32, 44, 35, 29, 16, 12, 34, 51, 8, 37, 46, 20, 53, 17, 33, 41, 36, 43, 24      c, c Gaussian        0        -0.01 1.0 -0.01 
  24   11                17, 15                                                                                                                  23, 27, 48, 47, 38, 32, 44, 35, 29, 16, 12, 34, 51, 8, 37, 46, 20, 53, 33, 36, 24, 43, 41      c, c Gaussian        0        -0.00 1.0 -0.00 
  24   12                 36, 1                                                                                                                  15, 23, 27, 48, 47, 38, 32, 44, 35, 29, 16, 12, 34, 51, 8, 37, 46, 20, 53, 33, 41, 43, 24      c, c Gaussian        0        -0.01 1.0 -0.01 
  24   13                44, 50                                                                                                                   1, 15, 23, 27, 48, 47, 38, 32, 16, 12, 34, 51, 53, 33, 46, 20, 29, 8, 24, 37, 43, 41, 35      c, c Gaussian        0         0.02 1.0  0.01 
  24   14                35, 30                                                                                                                   50, 1, 15, 23, 27, 48, 47, 38, 32, 16, 12, 34, 51, 53, 33, 46, 20, 29, 8, 24, 37, 43, 41      c, c Gaussian        0         0.01 1.0  0.00 
  24   15                29, 52                                                                                                                   30, 50, 1, 15, 23, 27, 48, 47, 38, 32, 16, 12, 34, 51, 53, 33, 46, 20, 24, 43, 8, 41, 37      c, c Gaussian        0        -0.01 1.0 -0.01 
  24   16                 8, 55                                                                                                                  52, 30, 50, 1, 15, 23, 27, 48, 47, 38, 32, 16, 12, 34, 51, 53, 33, 46, 20, 24, 43, 37, 41      c, c  Student        0  0.03, 25.03 2.0  0.02 
  24   17                37, 45                                                                                                                  55, 52, 30, 50, 1, 15, 23, 27, 48, 47, 38, 32, 16, 12, 34, 51, 53, 33, 46, 20, 24, 43, 41      c, c Gaussian        0         0.04 1.0  0.03 
  24   18                23, 10                                                                                                                  45, 55, 52, 30, 50, 1, 15, 51, 53, 33, 24, 34, 41, 43, 27, 48, 47, 12, 32, 16, 38, 46, 20      c, c  Student        0  0.01, 21.55 2.0  0.01 
  24   19                27, 42                                                                                                                  10, 45, 55, 52, 30, 50, 1, 15, 51, 53, 33, 24, 34, 41, 43, 38, 12, 20, 16, 47, 48, 46, 32      c, c Gaussian        0         0.03 1.0  0.02 
  24   20                48, 49                                                                                                                  42, 10, 45, 55, 52, 30, 50, 1, 15, 51, 53, 33, 24, 34, 41, 43, 38, 12, 20, 16, 47, 32, 46      c, c Gaussian        0        -0.00 1.0 -0.00 
  24   21                47, 14                                                                                                                  49, 42, 10, 45, 55, 52, 30, 50, 1, 15, 51, 53, 33, 24, 34, 41, 43, 38, 12, 20, 16, 32, 46      c, c  Student        0  0.05, 23.75 2.0  0.03 
  24   22                38, 39                                                                                                                  14, 49, 42, 10, 45, 55, 52, 30, 50, 1, 15, 51, 53, 33, 24, 34, 41, 43, 12, 32, 16, 46, 20      c, c Gaussian        0         0.04 1.0  0.02 
  24   23                 51, 9                                                                                                                  39, 14, 49, 42, 10, 45, 55, 52, 30, 50, 1, 15, 32, 16, 12, 34, 46, 20, 24, 41, 43, 33, 53      c, c Gaussian        0        -0.02 1.0 -0.01 
  24   24                53, 22                                                                                                                   9, 39, 14, 49, 42, 10, 45, 55, 52, 30, 50, 1, 15, 32, 16, 12, 34, 46, 20, 24, 41, 43, 33      c, c Gaussian        0         0.00 1.0  0.00 
  24   25                28, 22                                                                                                                   9, 39, 14, 49, 42, 10, 45, 55, 52, 30, 50, 1, 33, 24, 32, 16, 12, 41, 15, 46, 20, 43, 34      c, c Gaussian        0         0.03 1.0  0.02 
  24   26                33, 40                                                                                                                   22, 9, 39, 14, 49, 42, 10, 45, 55, 52, 30, 50, 1, 15, 32, 16, 12, 34, 46, 20, 24, 41, 43      c, c Gaussian        0         0.02 1.0  0.01 
  24   27                10, 54                                                                                                                   40, 22, 9, 39, 14, 49, 42, 45, 55, 52, 24, 32, 16, 12, 41, 15, 46, 20, 34, 1, 43, 30, 50      c, c Gaussian        0         0.01 1.0  0.01 
  24   28                 24, 3                                                                                                                   54, 40, 22, 9, 39, 14, 49, 42, 45, 55, 52, 30, 50, 1, 15, 32, 16, 12, 34, 46, 20, 41, 43      c, c Gaussian        0         0.03 1.0  0.02 
  24   29                32, 13                                                                                                                    3, 54, 40, 22, 9, 39, 14, 49, 42, 45, 55, 52, 30, 50, 1, 15, 34, 41, 43, 12, 20, 16, 46      c, c Gaussian        0         0.03 1.0  0.02 
  24   30                16, 31                                                                                                                    13, 3, 54, 40, 22, 9, 39, 14, 49, 42, 45, 55, 52, 30, 50, 1, 15, 34, 41, 43, 12, 20, 46      c, c Gaussian        0        -0.01 1.0 -0.01 
  24   31                12, 26                                                                                                                    31, 13, 3, 54, 40, 22, 9, 39, 14, 49, 42, 45, 55, 52, 30, 50, 1, 15, 34, 41, 43, 46, 20      c, c Gaussian        0        -0.01 1.0 -0.00 
  25    1                 6, 44                                                                                                                35, 29, 8, 37, 51, 53, 33, 24, 34, 41, 43, 38, 4, 12, 20, 16, 47, 48, 46, 27, 32, 2, 18, 19      c, c  Student        0  0.02, 24.08 2.0  0.01 
  25    2                19, 36                                                                                                                44, 35, 29, 8, 37, 51, 53, 33, 24, 34, 41, 43, 38, 4, 12, 20, 16, 47, 48, 46, 27, 32, 2, 18      c, c  Student        0  0.01, 30.66 2.0  0.01 
  25    3                 4, 17                                                                                                               36, 44, 35, 29, 8, 37, 51, 53, 33, 24, 34, 41, 43, 38, 18, 2, 27, 48, 47, 32, 16, 46, 20, 12      c, c  Student        0  0.03, 21.74 2.0  0.02 
  25    4                18, 25                                                                                                               17, 36, 44, 35, 29, 8, 37, 51, 53, 33, 24, 34, 41, 43, 38, 12, 20, 16, 47, 48, 46, 27, 32, 2      c, c Gaussian        0         0.02 1.0  0.01 
  25    5                 2, 11                                                                                                              25, 17, 36, 44, 35, 29, 8, 37, 51, 53, 33, 24, 34, 41, 43, 38, 12, 20, 16, 47, 48, 46, 27, 32      c, c Gaussian        0         0.01 1.0  0.00 
  25    6                21, 47                                                                                                                38, 32, 44, 35, 29, 16, 12, 34, 51, 8, 37, 46, 20, 53, 17, 33, 41, 36, 43, 24, 11, 25, 5, 7      c, c Gaussian        0         0.01 1.0  0.00 
  25    7                 7, 48                                                                                                               47, 38, 32, 44, 35, 29, 16, 12, 34, 51, 8, 37, 46, 20, 53, 17, 33, 41, 36, 43, 24, 11, 25, 5      c, c Gaussian        0        -0.00 1.0 -0.00 
  25    8                 5, 27                                                                                                              48, 47, 38, 32, 44, 35, 29, 16, 12, 34, 51, 8, 37, 46, 20, 53, 17, 33, 41, 36, 43, 24, 11, 25      c, c Gaussian        0         0.04 1.0  0.02 
  25    9                11, 23                                                                                                              27, 48, 47, 38, 32, 44, 35, 29, 16, 12, 34, 51, 8, 37, 46, 20, 53, 17, 33, 41, 36, 43, 24, 25      c, c  Student        0  0.01, 16.82 2.0  0.01 
  25   10                25, 15                                                                                                              23, 27, 48, 47, 38, 32, 44, 35, 29, 16, 12, 34, 51, 8, 37, 46, 20, 53, 17, 33, 41, 36, 43, 24      c, c  Student        0  0.02, 28.51 2.0  0.01 
  25   11                 17, 1                                                                                                              15, 23, 27, 48, 47, 38, 32, 44, 35, 29, 16, 12, 34, 51, 8, 37, 46, 20, 53, 33, 36, 24, 43, 41      c, c Gaussian        0         0.02 1.0  0.01 
  25   12                36, 50                                                                                                               1, 15, 23, 27, 48, 47, 38, 32, 44, 35, 29, 16, 12, 34, 51, 8, 37, 46, 20, 53, 33, 41, 43, 24      c, c Gaussian        0         0.02 1.0  0.01 
  25   13                44, 30                                                                                                               50, 1, 15, 23, 27, 48, 47, 38, 32, 16, 12, 34, 51, 53, 33, 46, 20, 29, 8, 24, 37, 43, 41, 35      c, c Gaussian        0        -0.03 1.0 -0.02 
  25   14                35, 52                                                                                                               30, 50, 1, 15, 23, 27, 48, 47, 38, 32, 16, 12, 34, 51, 53, 33, 46, 20, 29, 8, 24, 37, 43, 41      c, c Gaussian        0         0.01 1.0  0.00 
  25   15                29, 55                                                                                                               52, 30, 50, 1, 15, 23, 27, 48, 47, 38, 32, 16, 12, 34, 51, 53, 33, 46, 20, 24, 43, 8, 41, 37      c, c Gaussian        0         0.02 1.0  0.01 
  25   16                 8, 45                                                                                                              55, 52, 30, 50, 1, 15, 23, 27, 48, 47, 38, 32, 16, 12, 34, 51, 53, 33, 46, 20, 24, 43, 37, 41      c, c Gaussian        0         0.04 1.0  0.03 
  25   17                37, 10                                                                                                              45, 55, 52, 30, 50, 1, 15, 23, 27, 48, 47, 38, 32, 16, 12, 34, 51, 53, 33, 46, 20, 24, 43, 41      c, c Gaussian        0        -0.01 1.0 -0.00 
  25   18                23, 42                                                                                                              10, 45, 55, 52, 30, 50, 1, 15, 51, 53, 33, 24, 34, 41, 43, 27, 48, 47, 12, 32, 16, 38, 46, 20      c, c  Student        0  0.06, 22.83 2.0  0.04 
  25   19                27, 49                                                                                                              42, 10, 45, 55, 52, 30, 50, 1, 15, 51, 53, 33, 24, 34, 41, 43, 38, 12, 20, 16, 47, 48, 46, 32      c, c Gaussian        0         0.03 1.0  0.02 
  25   20                48, 14                                                                                                              49, 42, 10, 45, 55, 52, 30, 50, 1, 15, 51, 53, 33, 24, 34, 41, 43, 38, 12, 20, 16, 47, 32, 46      c, c Gaussian        0        -0.01 1.0 -0.01 
  25   21                47, 39                                                                                                              14, 49, 42, 10, 45, 55, 52, 30, 50, 1, 15, 51, 53, 33, 24, 34, 41, 43, 38, 12, 20, 16, 32, 46      c, c Gaussian        0         0.01 1.0  0.01 
  25   22                 38, 9                                                                                                              39, 14, 49, 42, 10, 45, 55, 52, 30, 50, 1, 15, 51, 53, 33, 24, 34, 41, 43, 12, 32, 16, 46, 20      c, c Gaussian        0        -0.01 1.0 -0.00 
  25   23                51, 22                                                                                                               9, 39, 14, 49, 42, 10, 45, 55, 52, 30, 50, 1, 15, 32, 16, 12, 34, 46, 20, 24, 41, 43, 33, 53      c, c  Student        0  0.01, 18.55 2.0  0.01 
  25   24                53, 40                                                                                                               22, 9, 39, 14, 49, 42, 10, 45, 55, 52, 30, 50, 1, 15, 32, 16, 12, 34, 46, 20, 24, 41, 43, 33      c, c Gaussian        0        -0.02 1.0 -0.01 
  25   25                28, 40                                                                                                               22, 9, 39, 14, 49, 42, 10, 45, 55, 52, 30, 50, 1, 33, 24, 32, 16, 12, 41, 15, 46, 20, 43, 34      c, c Gaussian        0         0.06 1.0  0.04 
  25   26                33, 54                                                                                                               40, 22, 9, 39, 14, 49, 42, 10, 45, 55, 52, 30, 50, 1, 15, 32, 16, 12, 34, 46, 20, 24, 41, 43      c, c Gaussian        0        -0.00 1.0 -0.00 
  25   27                 10, 3                                                                                                               54, 40, 22, 9, 39, 14, 49, 42, 45, 55, 52, 24, 32, 16, 12, 41, 15, 46, 20, 34, 1, 43, 30, 50      c, c Gaussian        0         0.02 1.0  0.01 
  25   28                24, 13                                                                                                                3, 54, 40, 22, 9, 39, 14, 49, 42, 45, 55, 52, 30, 50, 1, 15, 32, 16, 12, 34, 46, 20, 41, 43      c, c Gaussian        0        -0.00 1.0 -0.00 
  25   29                32, 31                                                                                                                13, 3, 54, 40, 22, 9, 39, 14, 49, 42, 45, 55, 52, 30, 50, 1, 15, 34, 41, 43, 12, 20, 16, 46      c, c Gaussian        0        -0.00 1.0 -0.00 
  25   30                16, 26                                                                                                                31, 13, 3, 54, 40, 22, 9, 39, 14, 49, 42, 45, 55, 52, 30, 50, 1, 15, 34, 41, 43, 12, 20, 46      c, c Gaussian        0         0.01 1.0  0.00 
  26    1                 6, 36                                                                                                            44, 35, 29, 8, 37, 51, 53, 33, 24, 34, 41, 43, 38, 4, 12, 20, 16, 47, 48, 46, 27, 32, 2, 18, 19      c, c Gaussian        0         0.01 1.0  0.01 
  26    2                19, 17                                                                                                            36, 44, 35, 29, 8, 37, 51, 53, 33, 24, 34, 41, 43, 38, 4, 12, 20, 16, 47, 48, 46, 27, 32, 2, 18      c, c Gaussian        0         0.01 1.0  0.00 
  26    3                 4, 25                                                                                                           17, 36, 44, 35, 29, 8, 37, 51, 53, 33, 24, 34, 41, 43, 38, 18, 2, 27, 48, 47, 32, 16, 46, 20, 12      c, c Gaussian        0         0.02 1.0  0.01 
  26    4                18, 11                                                                                                           25, 17, 36, 44, 35, 29, 8, 37, 51, 53, 33, 24, 34, 41, 43, 38, 12, 20, 16, 47, 48, 46, 27, 32, 2      c, c Gaussian        0        -0.01 1.0 -0.00 
  26    5                  2, 5                                                                                                          11, 25, 17, 36, 44, 35, 29, 8, 37, 51, 53, 33, 24, 34, 41, 43, 38, 12, 20, 16, 47, 48, 46, 27, 32      c, c Gaussian        0         0.02 1.0  0.01 
  26    6                21, 48                                                                                                            47, 38, 32, 44, 35, 29, 16, 12, 34, 51, 8, 37, 46, 20, 53, 17, 33, 41, 36, 43, 24, 11, 25, 5, 7      c, c Gaussian        0        -0.03 1.0 -0.02 
  26    7                 7, 27                                                                                                           48, 47, 38, 32, 44, 35, 29, 16, 12, 34, 51, 8, 37, 46, 20, 53, 17, 33, 41, 36, 43, 24, 11, 25, 5      c, c Gaussian        0         0.01 1.0  0.01 
  26    8                 5, 23                                                                                                          27, 48, 47, 38, 32, 44, 35, 29, 16, 12, 34, 51, 8, 37, 46, 20, 53, 17, 33, 41, 36, 43, 24, 11, 25      c, c  Student        0  0.05, 17.65 2.0  0.03 
  26    9                11, 15                                                                                                          23, 27, 48, 47, 38, 32, 44, 35, 29, 16, 12, 34, 51, 8, 37, 46, 20, 53, 17, 33, 41, 36, 43, 24, 25      c, c Gaussian        0        -0.03 1.0 -0.02 
  26   10                 25, 1                                                                                                          15, 23, 27, 48, 47, 38, 32, 44, 35, 29, 16, 12, 34, 51, 8, 37, 46, 20, 53, 17, 33, 41, 36, 43, 24      c, c Gaussian        0         0.01 1.0  0.01 
  26   11                17, 50                                                                                                           1, 15, 23, 27, 48, 47, 38, 32, 44, 35, 29, 16, 12, 34, 51, 8, 37, 46, 20, 53, 33, 36, 24, 43, 41      c, c Gaussian        0         0.02 1.0  0.02 
  26   12                36, 30                                                                                                           50, 1, 15, 23, 27, 48, 47, 38, 32, 44, 35, 29, 16, 12, 34, 51, 8, 37, 46, 20, 53, 33, 41, 43, 24      c, c Gaussian        0         0.03 1.0  0.02 
  26   13                44, 52                                                                                                           30, 50, 1, 15, 23, 27, 48, 47, 38, 32, 16, 12, 34, 51, 53, 33, 46, 20, 29, 8, 24, 37, 43, 41, 35      c, c Gaussian        0        -0.01 1.0 -0.01 
  26   14                35, 55                                                                                                           52, 30, 50, 1, 15, 23, 27, 48, 47, 38, 32, 16, 12, 34, 51, 53, 33, 46, 20, 29, 8, 24, 37, 43, 41      c, c Gaussian        0         0.03 1.0  0.02 
  26   15                29, 45                                                                                                           55, 52, 30, 50, 1, 15, 23, 27, 48, 47, 38, 32, 16, 12, 34, 51, 53, 33, 46, 20, 24, 43, 8, 41, 37      c, c Gaussian        0         0.05 1.0  0.03 
  26   16                 8, 10                                                                                                          45, 55, 52, 30, 50, 1, 15, 23, 27, 48, 47, 38, 32, 16, 12, 34, 51, 53, 33, 46, 20, 24, 43, 37, 41      c, c Gaussian        0         0.01 1.0  0.01 
  26   17                37, 42                                                                                                          10, 45, 55, 52, 30, 50, 1, 15, 23, 27, 48, 47, 38, 32, 16, 12, 34, 51, 53, 33, 46, 20, 24, 43, 41      c, c  Student        0  0.06, 17.84 2.0  0.04 
  26   18                23, 49                                                                                                          42, 10, 45, 55, 52, 30, 50, 1, 15, 51, 53, 33, 24, 34, 41, 43, 27, 48, 47, 12, 32, 16, 38, 46, 20      c, c Gaussian        0         0.02 1.0  0.01 
  26   19                27, 14                                                                                                          49, 42, 10, 45, 55, 52, 30, 50, 1, 15, 51, 53, 33, 24, 34, 41, 43, 38, 12, 20, 16, 47, 48, 46, 32      c, c  Student        0 -0.03, 22.35 2.0 -0.02 
  26   20                48, 39                                                                                                          14, 49, 42, 10, 45, 55, 52, 30, 50, 1, 15, 51, 53, 33, 24, 34, 41, 43, 38, 12, 20, 16, 47, 32, 46      c, c Gaussian        0         0.04 1.0  0.03 
  26   21                 47, 9                                                                                                          39, 14, 49, 42, 10, 45, 55, 52, 30, 50, 1, 15, 51, 53, 33, 24, 34, 41, 43, 38, 12, 20, 16, 32, 46      c, c Gaussian        0         0.00 1.0  0.00 
  26   22                38, 22                                                                                                           9, 39, 14, 49, 42, 10, 45, 55, 52, 30, 50, 1, 15, 51, 53, 33, 24, 34, 41, 43, 12, 32, 16, 46, 20      c, c Gaussian        0        -0.01 1.0 -0.01 
  26   23                51, 40                                                                                                           22, 9, 39, 14, 49, 42, 10, 45, 55, 52, 30, 50, 1, 15, 32, 16, 12, 34, 46, 20, 24, 41, 43, 33, 53      c, c  Student        0  0.04, 13.14 2.0  0.03 
  26   24                53, 54                                                                                                           40, 22, 9, 39, 14, 49, 42, 10, 45, 55, 52, 30, 50, 1, 15, 32, 16, 12, 34, 46, 20, 24, 41, 43, 33      c, c Gaussian        0         0.01 1.0  0.01 
  26   25                28, 54                                                                                                           40, 22, 9, 39, 14, 49, 42, 10, 45, 55, 52, 30, 50, 1, 33, 24, 32, 16, 12, 41, 15, 46, 20, 43, 34      c, c Gaussian        0         0.04 1.0  0.02 
  26   26                 33, 3                                                                                                           54, 40, 22, 9, 39, 14, 49, 42, 10, 45, 55, 52, 30, 50, 1, 15, 32, 16, 12, 34, 46, 20, 24, 41, 43      c, c Gaussian        0         0.04 1.0  0.02 
  26   27                10, 13                                                                                                            3, 54, 40, 22, 9, 39, 14, 49, 42, 45, 55, 52, 24, 32, 16, 12, 41, 15, 46, 20, 34, 1, 43, 30, 50      c, c Gaussian        0         0.03 1.0  0.02 
  26   28                24, 31                                                                                                            13, 3, 54, 40, 22, 9, 39, 14, 49, 42, 45, 55, 52, 30, 50, 1, 15, 32, 16, 12, 34, 46, 20, 41, 43      c, c Gaussian        0        -0.00 1.0 -0.00 
  26   29                32, 26                                                                                                            31, 13, 3, 54, 40, 22, 9, 39, 14, 49, 42, 45, 55, 52, 30, 50, 1, 15, 34, 41, 43, 12, 20, 16, 46      c, c Gaussian        0        -0.03 1.0 -0.02 
  27    1                 6, 17                                                                                                        36, 44, 35, 29, 8, 37, 51, 53, 33, 24, 34, 41, 43, 38, 4, 12, 20, 16, 47, 48, 46, 27, 32, 2, 18, 19      c, c  Student        0 -0.00, 22.75 2.0 -0.00 
  27    2                19, 25                                                                                                        17, 36, 44, 35, 29, 8, 37, 51, 53, 33, 24, 34, 41, 43, 38, 4, 12, 20, 16, 47, 48, 46, 27, 32, 2, 18      c, c Gaussian        0         0.01 1.0  0.00 
  27    3                 4, 11                                                                                                       25, 17, 36, 44, 35, 29, 8, 37, 51, 53, 33, 24, 34, 41, 43, 38, 18, 2, 27, 48, 47, 32, 16, 46, 20, 12      c, c Gaussian        0        -0.01 1.0 -0.01 
  27    4                 18, 5                                                                                                       11, 25, 17, 36, 44, 35, 29, 8, 37, 51, 53, 33, 24, 34, 41, 43, 38, 12, 20, 16, 47, 48, 46, 27, 32, 2      c, c Gaussian        0        -0.01 1.0 -0.01 
  27    5                  2, 7                                                                                                       5, 11, 25, 17, 36, 44, 35, 29, 8, 37, 51, 53, 33, 24, 34, 41, 43, 38, 12, 20, 16, 47, 48, 46, 27, 32      c, c Gaussian        0         0.00 1.0  0.00 
  27    6                21, 27                                                                                                        48, 47, 38, 32, 44, 35, 29, 16, 12, 34, 51, 8, 37, 46, 20, 53, 17, 33, 41, 36, 43, 24, 11, 25, 5, 7      c, c Gaussian        0        -0.02 1.0 -0.01 
  27    7                 7, 23                                                                                                       27, 48, 47, 38, 32, 44, 35, 29, 16, 12, 34, 51, 8, 37, 46, 20, 53, 17, 33, 41, 36, 43, 24, 11, 25, 5      c, c Gaussian        0        -0.01 1.0 -0.01 
  27    8                 5, 15                                                                                                      23, 27, 48, 47, 38, 32, 44, 35, 29, 16, 12, 34, 51, 8, 37, 46, 20, 53, 17, 33, 41, 36, 43, 24, 11, 25      c, c Gaussian        0         0.01 1.0  0.01 
  27    9                 11, 1                                                                                                      15, 23, 27, 48, 47, 38, 32, 44, 35, 29, 16, 12, 34, 51, 8, 37, 46, 20, 53, 17, 33, 41, 36, 43, 24, 25      c, c Gaussian        0        -0.03 1.0 -0.02 
  27   10                25, 50                                                                                                       1, 15, 23, 27, 48, 47, 38, 32, 44, 35, 29, 16, 12, 34, 51, 8, 37, 46, 20, 53, 17, 33, 41, 36, 43, 24      c, c Gaussian        0        -0.01 1.0 -0.01 
  27   11                17, 30                                                                                                       50, 1, 15, 23, 27, 48, 47, 38, 32, 44, 35, 29, 16, 12, 34, 51, 8, 37, 46, 20, 53, 33, 36, 24, 43, 41      c, c Gaussian        0        -0.01 1.0 -0.00 
  27   12                36, 52                                                                                                       30, 50, 1, 15, 23, 27, 48, 47, 38, 32, 44, 35, 29, 16, 12, 34, 51, 8, 37, 46, 20, 53, 33, 41, 43, 24      c, c Gaussian        0         0.01 1.0  0.01 
  27   13                44, 55                                                                                                       52, 30, 50, 1, 15, 23, 27, 48, 47, 38, 32, 16, 12, 34, 51, 53, 33, 46, 20, 29, 8, 24, 37, 43, 41, 35      c, c Gaussian        0        -0.00 1.0 -0.00 
  27   14                35, 45                                                                                                       55, 52, 30, 50, 1, 15, 23, 27, 48, 47, 38, 32, 16, 12, 34, 51, 53, 33, 46, 20, 29, 8, 24, 37, 43, 41      c, c Gaussian        0         0.01 1.0  0.01 
  27   15                29, 10                                                                                                       45, 55, 52, 30, 50, 1, 15, 23, 27, 48, 47, 38, 32, 16, 12, 34, 51, 53, 33, 46, 20, 24, 43, 8, 41, 37      c, c Gaussian        0        -0.01 1.0 -0.01 
  27   16                 8, 42                                                                                                      10, 45, 55, 52, 30, 50, 1, 15, 23, 27, 48, 47, 38, 32, 16, 12, 34, 51, 53, 33, 46, 20, 24, 43, 37, 41      c, c  Student        0  0.03, 20.45 2.0  0.02 
  27   17                37, 49                                                                                                      42, 10, 45, 55, 52, 30, 50, 1, 15, 23, 27, 48, 47, 38, 32, 16, 12, 34, 51, 53, 33, 46, 20, 24, 43, 41      c, c Gaussian        0         0.08 1.0  0.05 
  27   18                23, 14                                                                                                      49, 42, 10, 45, 55, 52, 30, 50, 1, 15, 51, 53, 33, 24, 34, 41, 43, 27, 48, 47, 12, 32, 16, 38, 46, 20      c, c Gaussian        0        -0.02 1.0 -0.01 
  27   19                27, 39                                                                                                      14, 49, 42, 10, 45, 55, 52, 30, 50, 1, 15, 51, 53, 33, 24, 34, 41, 43, 38, 12, 20, 16, 47, 48, 46, 32      c, c Gaussian        0        -0.01 1.0 -0.01 
  27   20                 48, 9                                                                                                      39, 14, 49, 42, 10, 45, 55, 52, 30, 50, 1, 15, 51, 53, 33, 24, 34, 41, 43, 38, 12, 20, 16, 47, 32, 46      c, c Gaussian        0         0.00 1.0  0.00 
  27   21                47, 22                                                                                                       9, 39, 14, 49, 42, 10, 45, 55, 52, 30, 50, 1, 15, 51, 53, 33, 24, 34, 41, 43, 38, 12, 20, 16, 32, 46      c, c  Student        0  0.02, 17.01 2.0  0.01 
  27   22                38, 40                                                                                                       22, 9, 39, 14, 49, 42, 10, 45, 55, 52, 30, 50, 1, 15, 51, 53, 33, 24, 34, 41, 43, 12, 32, 16, 46, 20      c, c Gaussian        0         0.03 1.0  0.02 
  27   23                51, 54                                                                                                       40, 22, 9, 39, 14, 49, 42, 10, 45, 55, 52, 30, 50, 1, 15, 32, 16, 12, 34, 46, 20, 24, 41, 43, 33, 53      c, c Gaussian        0         0.01 1.0  0.01 
  27   24                 53, 3                                                                                                       54, 40, 22, 9, 39, 14, 49, 42, 10, 45, 55, 52, 30, 50, 1, 15, 32, 16, 12, 34, 46, 20, 24, 41, 43, 33      c, c Gaussian        0        -0.00 1.0 -0.00 
  27   25                 28, 3                                                                                                       54, 40, 22, 9, 39, 14, 49, 42, 10, 45, 55, 52, 30, 50, 1, 33, 24, 32, 16, 12, 41, 15, 46, 20, 43, 34      c, c  Student        0  0.03, 18.00 2.0  0.02 
  27   26                33, 13                                                                                                        3, 54, 40, 22, 9, 39, 14, 49, 42, 10, 45, 55, 52, 30, 50, 1, 15, 32, 16, 12, 34, 46, 20, 24, 41, 43      c, c Gaussian        0         0.01 1.0  0.00 
  27   27                10, 31                                                                                                        13, 3, 54, 40, 22, 9, 39, 14, 49, 42, 45, 55, 52, 24, 32, 16, 12, 41, 15, 46, 20, 34, 1, 43, 30, 50      c, c Gaussian        0        -0.00 1.0 -0.00 
  27   28                24, 26                                                                                                        31, 13, 3, 54, 40, 22, 9, 39, 14, 49, 42, 45, 55, 52, 30, 50, 1, 15, 32, 16, 12, 34, 46, 20, 41, 43      c, c Gaussian        0         0.02 1.0  0.01 
  28    1                 6, 25                                                                                                    17, 36, 44, 35, 29, 8, 37, 51, 53, 33, 24, 34, 41, 43, 38, 4, 12, 20, 16, 47, 48, 46, 27, 32, 2, 18, 19      c, c Gaussian        0        -0.03 1.0 -0.02 
  28    2                19, 11                                                                                                    25, 17, 36, 44, 35, 29, 8, 37, 51, 53, 33, 24, 34, 41, 43, 38, 4, 12, 20, 16, 47, 48, 46, 27, 32, 2, 18      c, c Gaussian        0         0.03 1.0  0.02 
  28    3                  4, 5                                                                                                   11, 25, 17, 36, 44, 35, 29, 8, 37, 51, 53, 33, 24, 34, 41, 43, 38, 18, 2, 27, 48, 47, 32, 16, 46, 20, 12      c, c Gaussian        0         0.05 1.0  0.03 
  28    4                 18, 7                                                                                                    5, 11, 25, 17, 36, 44, 35, 29, 8, 37, 51, 53, 33, 24, 34, 41, 43, 38, 12, 20, 16, 47, 48, 46, 27, 32, 2      c, c Gaussian        0        -0.00 1.0 -0.00 
  28    5                 2, 21                                                                                                    7, 5, 11, 25, 17, 36, 44, 35, 29, 8, 37, 51, 53, 33, 24, 34, 41, 43, 38, 12, 20, 16, 47, 48, 46, 27, 32      c, c Gaussian        0         0.00 1.0  0.00 
  28    6                21, 23                                                                                                    27, 48, 47, 38, 32, 44, 35, 29, 16, 12, 34, 51, 8, 37, 46, 20, 53, 17, 33, 41, 36, 43, 24, 11, 25, 5, 7      c, c Gaussian        0         0.01 1.0  0.00 
  28    7                 7, 15                                                                                                   23, 27, 48, 47, 38, 32, 44, 35, 29, 16, 12, 34, 51, 8, 37, 46, 20, 53, 17, 33, 41, 36, 43, 24, 11, 25, 5      c, c Gaussian        0        -0.02 1.0 -0.01 
  28    8                  5, 1                                                                                                  15, 23, 27, 48, 47, 38, 32, 44, 35, 29, 16, 12, 34, 51, 8, 37, 46, 20, 53, 17, 33, 41, 36, 43, 24, 11, 25      c, c Gaussian        0         0.01 1.0  0.01 
  28    9                11, 50                                                                                                   1, 15, 23, 27, 48, 47, 38, 32, 44, 35, 29, 16, 12, 34, 51, 8, 37, 46, 20, 53, 17, 33, 41, 36, 43, 24, 25      c, c Gaussian        0        -0.03 1.0 -0.02 
  28   10                25, 30                                                                                                   50, 1, 15, 23, 27, 48, 47, 38, 32, 44, 35, 29, 16, 12, 34, 51, 8, 37, 46, 20, 53, 17, 33, 41, 36, 43, 24      c, c Gaussian        0        -0.02 1.0 -0.01 
  28   11                17, 52                                                                                                   30, 50, 1, 15, 23, 27, 48, 47, 38, 32, 44, 35, 29, 16, 12, 34, 51, 8, 37, 46, 20, 53, 33, 36, 24, 43, 41      c, c Gaussian        0        -0.01 1.0 -0.01 
  28   12                36, 55                                                                                                   52, 30, 50, 1, 15, 23, 27, 48, 47, 38, 32, 44, 35, 29, 16, 12, 34, 51, 8, 37, 46, 20, 53, 33, 41, 43, 24      c, c Gaussian        0         0.04 1.0  0.03 
  28   13                44, 45                                                                                                   55, 52, 30, 50, 1, 15, 23, 27, 48, 47, 38, 32, 16, 12, 34, 51, 53, 33, 46, 20, 29, 8, 24, 37, 43, 41, 35      c, c Gaussian        0         0.03 1.0  0.02 
  28   14                35, 10                                                                                                   45, 55, 52, 30, 50, 1, 15, 23, 27, 48, 47, 38, 32, 16, 12, 34, 51, 53, 33, 46, 20, 29, 8, 24, 37, 43, 41      c, c Gaussian        0         0.02 1.0  0.01 
  28   15                29, 42                                                                                                   10, 45, 55, 52, 30, 50, 1, 15, 23, 27, 48, 47, 38, 32, 16, 12, 34, 51, 53, 33, 46, 20, 24, 43, 8, 41, 37      c, c Gaussian        0         0.02 1.0  0.02 
  28   16                 8, 49                                                                                                  42, 10, 45, 55, 52, 30, 50, 1, 15, 23, 27, 48, 47, 38, 32, 16, 12, 34, 51, 53, 33, 46, 20, 24, 43, 37, 41      c, c Gaussian        0         0.04 1.0  0.02 
  28   17                37, 14                                                                                                  49, 42, 10, 45, 55, 52, 30, 50, 1, 15, 23, 27, 48, 47, 38, 32, 16, 12, 34, 51, 53, 33, 46, 20, 24, 43, 41      c, c Gaussian        0         0.05 1.0  0.03 
  28   18                23, 39                                                                                                  14, 49, 42, 10, 45, 55, 52, 30, 50, 1, 15, 51, 53, 33, 24, 34, 41, 43, 27, 48, 47, 12, 32, 16, 38, 46, 20      c, c Gaussian        0         0.00 1.0  0.00 
  28   19                 27, 9                                                                                                  39, 14, 49, 42, 10, 45, 55, 52, 30, 50, 1, 15, 51, 53, 33, 24, 34, 41, 43, 38, 12, 20, 16, 47, 48, 46, 32      c, c  Student        0 -0.01, 21.29 2.0 -0.00 
  28   20                48, 22                                                                                                   9, 39, 14, 49, 42, 10, 45, 55, 52, 30, 50, 1, 15, 51, 53, 33, 24, 34, 41, 43, 38, 12, 20, 16, 47, 32, 46      c, c  Student        0  0.05, 23.09 2.0  0.03 
  28   21                47, 40                                                                                                   22, 9, 39, 14, 49, 42, 10, 45, 55, 52, 30, 50, 1, 15, 51, 53, 33, 24, 34, 41, 43, 38, 12, 20, 16, 32, 46      c, c Gaussian        0         0.04 1.0  0.02 
  28   22                38, 54                                                                                                   40, 22, 9, 39, 14, 49, 42, 10, 45, 55, 52, 30, 50, 1, 15, 51, 53, 33, 24, 34, 41, 43, 12, 32, 16, 46, 20      c, c Gaussian        0         0.00 1.0  0.00 
  28   23                 51, 3                                                                                                   54, 40, 22, 9, 39, 14, 49, 42, 10, 45, 55, 52, 30, 50, 1, 15, 32, 16, 12, 34, 46, 20, 24, 41, 43, 33, 53      c, c Gaussian        0         0.04 1.0  0.02 
  28   24                53, 13                                                                                                    3, 54, 40, 22, 9, 39, 14, 49, 42, 10, 45, 55, 52, 30, 50, 1, 15, 32, 16, 12, 34, 46, 20, 24, 41, 43, 33      c, c Gaussian        0        -0.02 1.0 -0.01 
  28   25                28, 13                                                                                                    3, 54, 40, 22, 9, 39, 14, 49, 42, 10, 45, 55, 52, 30, 50, 1, 33, 24, 32, 16, 12, 41, 15, 46, 20, 43, 34      c, c Gaussian        0         0.03 1.0  0.02 
  28   26                33, 31                                                                                                    13, 3, 54, 40, 22, 9, 39, 14, 49, 42, 10, 45, 55, 52, 30, 50, 1, 15, 32, 16, 12, 34, 46, 20, 24, 41, 43      c, c  Student        0  0.01, 19.62 2.0  0.01 
  28   27                10, 26                                                                                                    31, 13, 3, 54, 40, 22, 9, 39, 14, 49, 42, 45, 55, 52, 24, 32, 16, 12, 41, 15, 46, 20, 34, 1, 43, 30, 50      c, c Gaussian        0         0.02 1.0  0.01 
  29    1                 6, 11                                                                                                25, 17, 36, 44, 35, 29, 8, 37, 51, 53, 33, 24, 34, 41, 43, 38, 4, 12, 20, 16, 47, 48, 46, 27, 32, 2, 18, 19      c, c Gaussian        0         0.00 1.0  0.00 
  29    2                 19, 5                                                                                                11, 25, 17, 36, 44, 35, 29, 8, 37, 51, 53, 33, 24, 34, 41, 43, 38, 4, 12, 20, 16, 47, 48, 46, 27, 32, 2, 18      c, c  Student        0 -0.01, 16.89 2.0 -0.00 
  29    3                  4, 7                                                                                                5, 11, 25, 17, 36, 44, 35, 29, 8, 37, 51, 53, 33, 24, 34, 41, 43, 38, 18, 2, 27, 48, 47, 32, 16, 46, 20, 12      c, c  Student        0  0.00, 20.08 2.0  0.00 
  29    4                18, 21                                                                                                 7, 5, 11, 25, 17, 36, 44, 35, 29, 8, 37, 51, 53, 33, 24, 34, 41, 43, 38, 12, 20, 16, 47, 48, 46, 27, 32, 2      c, c Gaussian        0         0.00 1.0  0.00 
  29    5                 2, 23                                                                                                21, 7, 5, 11, 25, 17, 36, 44, 35, 29, 8, 37, 51, 53, 33, 24, 34, 41, 43, 38, 12, 20, 16, 47, 48, 46, 27, 32      c, c Gaussian        0        -0.01 1.0 -0.00 
  29    6                21, 15                                                                                                23, 27, 48, 47, 38, 32, 44, 35, 29, 16, 12, 34, 51, 8, 37, 46, 20, 53, 17, 33, 41, 36, 43, 24, 11, 25, 5, 7      c, c Gaussian        0         0.00 1.0  0.00 
  29    7                  7, 1                                                                                               15, 23, 27, 48, 47, 38, 32, 44, 35, 29, 16, 12, 34, 51, 8, 37, 46, 20, 53, 17, 33, 41, 36, 43, 24, 11, 25, 5      c, c Gaussian        0        -0.02 1.0 -0.01 
  29    8                 5, 50                                                                                               1, 15, 23, 27, 48, 47, 38, 32, 44, 35, 29, 16, 12, 34, 51, 8, 37, 46, 20, 53, 17, 33, 41, 36, 43, 24, 11, 25      c, c Gaussian        0         0.02 1.0  0.01 
  29    9                11, 30                                                                                               50, 1, 15, 23, 27, 48, 47, 38, 32, 44, 35, 29, 16, 12, 34, 51, 8, 37, 46, 20, 53, 17, 33, 41, 36, 43, 24, 25      c, c Gaussian        0        -0.03 1.0 -0.02 
  29   10                25, 52                                                                                               30, 50, 1, 15, 23, 27, 48, 47, 38, 32, 44, 35, 29, 16, 12, 34, 51, 8, 37, 46, 20, 53, 17, 33, 41, 36, 43, 24      c, c Gaussian        0         0.00 1.0  0.00 
  29   11                17, 55                                                                                               52, 30, 50, 1, 15, 23, 27, 48, 47, 38, 32, 44, 35, 29, 16, 12, 34, 51, 8, 37, 46, 20, 53, 33, 36, 24, 43, 41      c, c Gaussian        0         0.01 1.0  0.01 
  29   12                36, 45                                                                                               55, 52, 30, 50, 1, 15, 23, 27, 48, 47, 38, 32, 44, 35, 29, 16, 12, 34, 51, 8, 37, 46, 20, 53, 33, 41, 43, 24      c, c Gaussian        0         0.01 1.0  0.00 
  29   13                44, 10                                                                                               45, 55, 52, 30, 50, 1, 15, 23, 27, 48, 47, 38, 32, 16, 12, 34, 51, 53, 33, 46, 20, 29, 8, 24, 37, 43, 41, 35      c, c Gaussian        0         0.01 1.0  0.01 
  29   14                35, 42                                                                                               10, 45, 55, 52, 30, 50, 1, 15, 23, 27, 48, 47, 38, 32, 16, 12, 34, 51, 53, 33, 46, 20, 29, 8, 24, 37, 43, 41      c, c  Student        0  0.04, 11.65 2.0  0.03 
  29   15                29, 49                                                                                               42, 10, 45, 55, 52, 30, 50, 1, 15, 23, 27, 48, 47, 38, 32, 16, 12, 34, 51, 53, 33, 46, 20, 24, 43, 8, 41, 37      c, c Gaussian        0         0.05 1.0  0.03 
  29   16                 8, 14                                                                                              49, 42, 10, 45, 55, 52, 30, 50, 1, 15, 23, 27, 48, 47, 38, 32, 16, 12, 34, 51, 53, 33, 46, 20, 24, 43, 37, 41      c, c Gaussian        0         0.03 1.0  0.02 
  29   17                37, 39                                                                                              14, 49, 42, 10, 45, 55, 52, 30, 50, 1, 15, 23, 27, 48, 47, 38, 32, 16, 12, 34, 51, 53, 33, 46, 20, 24, 43, 41      c, c Gaussian        0         0.07 1.0  0.04 
  29   18                 23, 9                                                                                              39, 14, 49, 42, 10, 45, 55, 52, 30, 50, 1, 15, 51, 53, 33, 24, 34, 41, 43, 27, 48, 47, 12, 32, 16, 38, 46, 20      c, c  Student        0  0.01, 21.96 2.0  0.01 
  29   19                27, 22                                                                                               9, 39, 14, 49, 42, 10, 45, 55, 52, 30, 50, 1, 15, 51, 53, 33, 24, 34, 41, 43, 38, 12, 20, 16, 47, 48, 46, 32      c, c  Student        0  0.05, 15.23 2.0  0.03 
  29   20                48, 40                                                                                               22, 9, 39, 14, 49, 42, 10, 45, 55, 52, 30, 50, 1, 15, 51, 53, 33, 24, 34, 41, 43, 38, 12, 20, 16, 47, 32, 46      c, c Gaussian        0         0.04 1.0  0.02 
  29   21                47, 54                                                                                               40, 22, 9, 39, 14, 49, 42, 10, 45, 55, 52, 30, 50, 1, 15, 51, 53, 33, 24, 34, 41, 43, 38, 12, 20, 16, 32, 46      c, c Gaussian        0         0.05 1.0  0.03 
  29   22                 38, 3                                                                                               54, 40, 22, 9, 39, 14, 49, 42, 10, 45, 55, 52, 30, 50, 1, 15, 51, 53, 33, 24, 34, 41, 43, 12, 32, 16, 46, 20      c, c Gaussian        0         0.01 1.0  0.00 
  29   23                51, 13                                                                                                3, 54, 40, 22, 9, 39, 14, 49, 42, 10, 45, 55, 52, 30, 50, 1, 15, 32, 16, 12, 34, 46, 20, 24, 41, 43, 33, 53      c, c Gaussian        0         0.01 1.0  0.01 
  29   24                53, 31                                                                                                13, 3, 54, 40, 22, 9, 39, 14, 49, 42, 10, 45, 55, 52, 30, 50, 1, 15, 32, 16, 12, 34, 46, 20, 24, 41, 43, 33      c, c Gaussian        0         0.03 1.0  0.02 
  29   25                28, 31                                                                                                13, 3, 54, 40, 22, 9, 39, 14, 49, 42, 10, 45, 55, 52, 30, 50, 1, 33, 24, 32, 16, 12, 41, 15, 46, 20, 43, 34      c, c Gaussian        0         0.01 1.0  0.01 
  29   26                33, 26                                                                                                31, 13, 3, 54, 40, 22, 9, 39, 14, 49, 42, 10, 45, 55, 52, 30, 50, 1, 15, 32, 16, 12, 34, 46, 20, 24, 41, 43      c, c Gaussian        0         0.01 1.0  0.01 
  30    1                  6, 5                                                                                            11, 25, 17, 36, 44, 35, 29, 8, 37, 51, 53, 33, 24, 34, 41, 43, 38, 4, 12, 20, 16, 47, 48, 46, 27, 32, 2, 18, 19      c, c Gaussian        0         0.03 1.0  0.02 
  30    2                 19, 7                                                                                             5, 11, 25, 17, 36, 44, 35, 29, 8, 37, 51, 53, 33, 24, 34, 41, 43, 38, 4, 12, 20, 16, 47, 48, 46, 27, 32, 2, 18      c, c Gaussian        0         0.02 1.0  0.01 
  30    3                 4, 21                                                                                             7, 5, 11, 25, 17, 36, 44, 35, 29, 8, 37, 51, 53, 33, 24, 34, 41, 43, 38, 18, 2, 27, 48, 47, 32, 16, 46, 20, 12      c, c Gaussian        0        -0.01 1.0 -0.01 
  30    4                18, 23                                                                                             21, 7, 5, 11, 25, 17, 36, 44, 35, 29, 8, 37, 51, 53, 33, 24, 34, 41, 43, 38, 12, 20, 16, 47, 48, 46, 27, 32, 2      c, c Gaussian        0         0.03 1.0  0.02 
  30    5                 2, 15                                                                                            23, 21, 7, 5, 11, 25, 17, 36, 44, 35, 29, 8, 37, 51, 53, 33, 24, 34, 41, 43, 38, 12, 20, 16, 47, 48, 46, 27, 32      c, c Gaussian        0        -0.02 1.0 -0.01 
  30    6                 21, 1                                                                                            15, 23, 27, 48, 47, 38, 32, 44, 35, 29, 16, 12, 34, 51, 8, 37, 46, 20, 53, 17, 33, 41, 36, 43, 24, 11, 25, 5, 7      c, c Gaussian        0         0.01 1.0  0.00 
  30    7                 7, 50                                                                                            1, 15, 23, 27, 48, 47, 38, 32, 44, 35, 29, 16, 12, 34, 51, 8, 37, 46, 20, 53, 17, 33, 41, 36, 43, 24, 11, 25, 5      c, c  Student        0 -0.01, 26.58 2.0 -0.00 
  30    8                 5, 30                                                                                           50, 1, 15, 23, 27, 48, 47, 38, 32, 44, 35, 29, 16, 12, 34, 51, 8, 37, 46, 20, 53, 17, 33, 41, 36, 43, 24, 11, 25      c, c Gaussian        0        -0.01 1.0 -0.00 
  30    9                11, 52                                                                                           30, 50, 1, 15, 23, 27, 48, 47, 38, 32, 44, 35, 29, 16, 12, 34, 51, 8, 37, 46, 20, 53, 17, 33, 41, 36, 43, 24, 25      c, c Gaussian        0        -0.01 1.0 -0.00 
  30   10                25, 55                                                                                           52, 30, 50, 1, 15, 23, 27, 48, 47, 38, 32, 44, 35, 29, 16, 12, 34, 51, 8, 37, 46, 20, 53, 17, 33, 41, 36, 43, 24      c, c Gaussian        0         0.03 1.0  0.02 
  30   11                17, 45                                                                                           55, 52, 30, 50, 1, 15, 23, 27, 48, 47, 38, 32, 44, 35, 29, 16, 12, 34, 51, 8, 37, 46, 20, 53, 33, 36, 24, 43, 41      c, c Gaussian        0        -0.02 1.0 -0.02 
  30   12                36, 10                                                                                           45, 55, 52, 30, 50, 1, 15, 23, 27, 48, 47, 38, 32, 44, 35, 29, 16, 12, 34, 51, 8, 37, 46, 20, 53, 33, 41, 43, 24      c, c Gaussian        0         0.03 1.0  0.02 
  30   13                44, 42                                                                                           10, 45, 55, 52, 30, 50, 1, 15, 23, 27, 48, 47, 38, 32, 16, 12, 34, 51, 53, 33, 46, 20, 29, 8, 24, 37, 43, 41, 35      c, c Gaussian        0         0.01 1.0  0.00 
  30   14                35, 49                                                                                           42, 10, 45, 55, 52, 30, 50, 1, 15, 23, 27, 48, 47, 38, 32, 16, 12, 34, 51, 53, 33, 46, 20, 29, 8, 24, 37, 43, 41      c, c  Student        0  0.01, 24.60 2.0  0.00 
  30   15                29, 14                                                                                           49, 42, 10, 45, 55, 52, 30, 50, 1, 15, 23, 27, 48, 47, 38, 32, 16, 12, 34, 51, 53, 33, 46, 20, 24, 43, 8, 41, 37      c, c Gaussian        0        -0.01 1.0 -0.00 
  30   16                 8, 39                                                                                          14, 49, 42, 10, 45, 55, 52, 30, 50, 1, 15, 23, 27, 48, 47, 38, 32, 16, 12, 34, 51, 53, 33, 46, 20, 24, 43, 37, 41      c, c Gaussian        0        -0.00 1.0 -0.00 
  30   17                 37, 9                                                                                          39, 14, 49, 42, 10, 45, 55, 52, 30, 50, 1, 15, 23, 27, 48, 47, 38, 32, 16, 12, 34, 51, 53, 33, 46, 20, 24, 43, 41      c, c Gaussian        0        -0.00 1.0 -0.00 
  30   18                23, 22                                                                                           9, 39, 14, 49, 42, 10, 45, 55, 52, 30, 50, 1, 15, 51, 53, 33, 24, 34, 41, 43, 27, 48, 47, 12, 32, 16, 38, 46, 20      c, c  Student        0  0.04, 17.78 2.0  0.03 
  30   19                27, 40                                                                                           22, 9, 39, 14, 49, 42, 10, 45, 55, 52, 30, 50, 1, 15, 51, 53, 33, 24, 34, 41, 43, 38, 12, 20, 16, 47, 48, 46, 32      c, c  Student        0  0.03, 12.12 2.0  0.02 
  30   20                48, 54                                                                                           40, 22, 9, 39, 14, 49, 42, 10, 45, 55, 52, 30, 50, 1, 15, 51, 53, 33, 24, 34, 41, 43, 38, 12, 20, 16, 47, 32, 46      c, c Gaussian        0         0.05 1.0  0.03 
  30   21                 47, 3                                                                                           54, 40, 22, 9, 39, 14, 49, 42, 10, 45, 55, 52, 30, 50, 1, 15, 51, 53, 33, 24, 34, 41, 43, 38, 12, 20, 16, 32, 46      c, c Gaussian        0         0.02 1.0  0.01 
  30   22                38, 13                                                                                            3, 54, 40, 22, 9, 39, 14, 49, 42, 10, 45, 55, 52, 30, 50, 1, 15, 51, 53, 33, 24, 34, 41, 43, 12, 32, 16, 46, 20      c, c Gaussian        0         0.01 1.0  0.01 
  30   23                51, 31                                                                                            13, 3, 54, 40, 22, 9, 39, 14, 49, 42, 10, 45, 55, 52, 30, 50, 1, 15, 32, 16, 12, 34, 46, 20, 24, 41, 43, 33, 53      c, c Gaussian        0         0.02 1.0  0.01 
  30   24                53, 28                                                                                            31, 13, 3, 54, 40, 22, 9, 39, 14, 49, 42, 10, 45, 55, 52, 30, 50, 1, 15, 32, 16, 12, 34, 46, 20, 24, 41, 43, 33      c, c Gaussian        0        -0.01 1.0 -0.01 
  30   25                28, 26                                                                                            31, 13, 3, 54, 40, 22, 9, 39, 14, 49, 42, 10, 45, 55, 52, 30, 50, 1, 33, 24, 32, 16, 12, 41, 15, 46, 20, 43, 34      c, c Gaussian        0         0.01 1.0  0.01 
  31    1                  6, 7                                                                                         5, 11, 25, 17, 36, 44, 35, 29, 8, 37, 51, 53, 33, 24, 34, 41, 43, 38, 4, 12, 20, 16, 47, 48, 46, 27, 32, 2, 18, 19      c, c Gaussian        0        -0.03 1.0 -0.02 
  31    2                19, 21                                                                                          7, 5, 11, 25, 17, 36, 44, 35, 29, 8, 37, 51, 53, 33, 24, 34, 41, 43, 38, 4, 12, 20, 16, 47, 48, 46, 27, 32, 2, 18      c, c Gaussian        0         0.01 1.0  0.00 
  31    3                 4, 23                                                                                         21, 7, 5, 11, 25, 17, 36, 44, 35, 29, 8, 37, 51, 53, 33, 24, 34, 41, 43, 38, 18, 2, 27, 48, 47, 32, 16, 46, 20, 12      c, c Gaussian        0         0.03 1.0  0.02 
  31    4                18, 15                                                                                         23, 21, 7, 5, 11, 25, 17, 36, 44, 35, 29, 8, 37, 51, 53, 33, 24, 34, 41, 43, 38, 12, 20, 16, 47, 48, 46, 27, 32, 2      c, c Gaussian        0         0.00 1.0  0.00 
  31    5                  2, 1                                                                                        15, 23, 21, 7, 5, 11, 25, 17, 36, 44, 35, 29, 8, 37, 51, 53, 33, 24, 34, 41, 43, 38, 12, 20, 16, 47, 48, 46, 27, 32      c, c Gaussian        0         0.00 1.0  0.00 
  31    6                21, 50                                                                                         1, 15, 23, 27, 48, 47, 38, 32, 44, 35, 29, 16, 12, 34, 51, 8, 37, 46, 20, 53, 17, 33, 41, 36, 43, 24, 11, 25, 5, 7      c, c Gaussian        0        -0.00 1.0 -0.00 
  31    7                 7, 30                                                                                        50, 1, 15, 23, 27, 48, 47, 38, 32, 44, 35, 29, 16, 12, 34, 51, 8, 37, 46, 20, 53, 17, 33, 41, 36, 43, 24, 11, 25, 5      c, c Gaussian        0        -0.02 1.0 -0.01 
  31    8                 5, 52                                                                                       30, 50, 1, 15, 23, 27, 48, 47, 38, 32, 44, 35, 29, 16, 12, 34, 51, 8, 37, 46, 20, 53, 17, 33, 41, 36, 43, 24, 11, 25      c, c Gaussian        0        -0.01 1.0 -0.00 
  31    9                11, 55                                                                                       52, 30, 50, 1, 15, 23, 27, 48, 47, 38, 32, 44, 35, 29, 16, 12, 34, 51, 8, 37, 46, 20, 53, 17, 33, 41, 36, 43, 24, 25      c, c Gaussian        0         0.00 1.0  0.00 
  31   10                25, 45                                                                                       55, 52, 30, 50, 1, 15, 23, 27, 48, 47, 38, 32, 44, 35, 29, 16, 12, 34, 51, 8, 37, 46, 20, 53, 17, 33, 41, 36, 43, 24      c, c Gaussian        0        -0.03 1.0 -0.02 
  31   11                17, 10                                                                                       45, 55, 52, 30, 50, 1, 15, 23, 27, 48, 47, 38, 32, 44, 35, 29, 16, 12, 34, 51, 8, 37, 46, 20, 53, 33, 36, 24, 43, 41      c, c Gaussian        0         0.01 1.0  0.01 
  31   12                36, 42                                                                                       10, 45, 55, 52, 30, 50, 1, 15, 23, 27, 48, 47, 38, 32, 44, 35, 29, 16, 12, 34, 51, 8, 37, 46, 20, 53, 33, 41, 43, 24      c, c  Student        0  0.03, 24.81 2.0  0.02 
  31   13                44, 49                                                                                       42, 10, 45, 55, 52, 30, 50, 1, 15, 23, 27, 48, 47, 38, 32, 16, 12, 34, 51, 53, 33, 46, 20, 29, 8, 24, 37, 43, 41, 35      c, c Gaussian        0        -0.01 1.0 -0.00 
  31   14                35, 14                                                                                       49, 42, 10, 45, 55, 52, 30, 50, 1, 15, 23, 27, 48, 47, 38, 32, 16, 12, 34, 51, 53, 33, 46, 20, 29, 8, 24, 37, 43, 41      c, c Gaussian        0        -0.01 1.0 -0.01 
  31   15                29, 39                                                                                       14, 49, 42, 10, 45, 55, 52, 30, 50, 1, 15, 23, 27, 48, 47, 38, 32, 16, 12, 34, 51, 53, 33, 46, 20, 24, 43, 8, 41, 37      c, c Gaussian        0        -0.00 1.0 -0.00 
  31   16                  8, 9                                                                                      39, 14, 49, 42, 10, 45, 55, 52, 30, 50, 1, 15, 23, 27, 48, 47, 38, 32, 16, 12, 34, 51, 53, 33, 46, 20, 24, 43, 37, 41      c, c Gaussian        0         0.00 1.0  0.00 
  31   17                37, 22                                                                                       9, 39, 14, 49, 42, 10, 45, 55, 52, 30, 50, 1, 15, 23, 27, 48, 47, 38, 32, 16, 12, 34, 51, 53, 33, 46, 20, 24, 43, 41      c, c Gaussian        0         0.00 1.0  0.00 
  31   18                23, 40                                                                                       22, 9, 39, 14, 49, 42, 10, 45, 55, 52, 30, 50, 1, 15, 51, 53, 33, 24, 34, 41, 43, 27, 48, 47, 12, 32, 16, 38, 46, 20      c, c Gaussian        0         0.06 1.0  0.04 
  31   19                27, 54                                                                                       40, 22, 9, 39, 14, 49, 42, 10, 45, 55, 52, 30, 50, 1, 15, 51, 53, 33, 24, 34, 41, 43, 38, 12, 20, 16, 47, 48, 46, 32      c, c  Student        0  0.02, 22.01 2.0  0.01 
  31   20                 48, 3                                                                                       54, 40, 22, 9, 39, 14, 49, 42, 10, 45, 55, 52, 30, 50, 1, 15, 51, 53, 33, 24, 34, 41, 43, 38, 12, 20, 16, 47, 32, 46      c, c Gaussian        0         0.04 1.0  0.03 
  31   21                47, 13                                                                                        3, 54, 40, 22, 9, 39, 14, 49, 42, 10, 45, 55, 52, 30, 50, 1, 15, 51, 53, 33, 24, 34, 41, 43, 38, 12, 20, 16, 32, 46      c, c Gaussian        0        -0.00 1.0 -0.00 
  31   22                38, 31                                                                                        13, 3, 54, 40, 22, 9, 39, 14, 49, 42, 10, 45, 55, 52, 30, 50, 1, 15, 51, 53, 33, 24, 34, 41, 43, 12, 32, 16, 46, 20      c, c Gaussian        0         0.01 1.0  0.01 
  31   23                51, 28                                                                                        31, 13, 3, 54, 40, 22, 9, 39, 14, 49, 42, 10, 45, 55, 52, 30, 50, 1, 15, 32, 16, 12, 34, 46, 20, 24, 41, 43, 33, 53      c, c  Student        0  0.03, 16.72 2.0  0.02 
  31   24                53, 26                                                                                        28, 31, 13, 3, 54, 40, 22, 9, 39, 14, 49, 42, 10, 45, 55, 52, 30, 50, 1, 15, 32, 16, 12, 34, 46, 20, 24, 41, 43, 33      c, c  Student        0  0.00, 20.25 2.0  0.00 
  32    1                 6, 21                                                                                      7, 5, 11, 25, 17, 36, 44, 35, 29, 8, 37, 51, 53, 33, 24, 34, 41, 43, 38, 4, 12, 20, 16, 47, 48, 46, 27, 32, 2, 18, 19      c, c Gaussian        0         0.04 1.0  0.02 
  32    2                19, 23                                                                                      21, 7, 5, 11, 25, 17, 36, 44, 35, 29, 8, 37, 51, 53, 33, 24, 34, 41, 43, 38, 4, 12, 20, 16, 47, 48, 46, 27, 32, 2, 18      c, c Gaussian        0        -0.01 1.0 -0.00 
  32    3                 4, 15                                                                                     23, 21, 7, 5, 11, 25, 17, 36, 44, 35, 29, 8, 37, 51, 53, 33, 24, 34, 41, 43, 38, 18, 2, 27, 48, 47, 32, 16, 46, 20, 12      c, c Gaussian        0         0.03 1.0  0.02 
  32    4                 18, 1                                                                                     15, 23, 21, 7, 5, 11, 25, 17, 36, 44, 35, 29, 8, 37, 51, 53, 33, 24, 34, 41, 43, 38, 12, 20, 16, 47, 48, 46, 27, 32, 2      c, c Gaussian        0        -0.01 1.0 -0.00 
  32    5                 2, 50                                                                                     1, 15, 23, 21, 7, 5, 11, 25, 17, 36, 44, 35, 29, 8, 37, 51, 53, 33, 24, 34, 41, 43, 38, 12, 20, 16, 47, 48, 46, 27, 32      c, c Gaussian        0         0.01 1.0  0.00 
  32    6                21, 30                                                                                     50, 1, 15, 23, 27, 48, 47, 38, 32, 44, 35, 29, 16, 12, 34, 51, 8, 37, 46, 20, 53, 17, 33, 41, 36, 43, 24, 11, 25, 5, 7      c, c Gaussian        0        -0.01 1.0 -0.01 
  32    7                 7, 52                                                                                    30, 50, 1, 15, 23, 27, 48, 47, 38, 32, 44, 35, 29, 16, 12, 34, 51, 8, 37, 46, 20, 53, 17, 33, 41, 36, 43, 24, 11, 25, 5      c, c Gaussian        0        -0.02 1.0 -0.01 
  32    8                 5, 55                                                                                   52, 30, 50, 1, 15, 23, 27, 48, 47, 38, 32, 44, 35, 29, 16, 12, 34, 51, 8, 37, 46, 20, 53, 17, 33, 41, 36, 43, 24, 11, 25      c, c Gaussian        0        -0.02 1.0 -0.01 
  32    9                11, 45                                                                                   55, 52, 30, 50, 1, 15, 23, 27, 48, 47, 38, 32, 44, 35, 29, 16, 12, 34, 51, 8, 37, 46, 20, 53, 17, 33, 41, 36, 43, 24, 25      c, c Gaussian        0         0.00 1.0  0.00 
  32   10                25, 10                                                                                   45, 55, 52, 30, 50, 1, 15, 23, 27, 48, 47, 38, 32, 44, 35, 29, 16, 12, 34, 51, 8, 37, 46, 20, 53, 17, 33, 41, 36, 43, 24      c, c Gaussian        0         0.00 1.0  0.00 
  32   11                17, 42                                                                                   10, 45, 55, 52, 30, 50, 1, 15, 23, 27, 48, 47, 38, 32, 44, 35, 29, 16, 12, 34, 51, 8, 37, 46, 20, 53, 33, 36, 24, 43, 41      c, c  Student        0  0.05, 13.52 2.0  0.03 
  32   12                36, 49                                                                                   42, 10, 45, 55, 52, 30, 50, 1, 15, 23, 27, 48, 47, 38, 32, 44, 35, 29, 16, 12, 34, 51, 8, 37, 46, 20, 53, 33, 41, 43, 24      c, c Gaussian        0         0.02 1.0  0.02 
  32   13                44, 14                                                                                   49, 42, 10, 45, 55, 52, 30, 50, 1, 15, 23, 27, 48, 47, 38, 32, 16, 12, 34, 51, 53, 33, 46, 20, 29, 8, 24, 37, 43, 41, 35      c, c Gaussian        0        -0.00 1.0 -0.00 
  32   14                35, 39                                                                                   14, 49, 42, 10, 45, 55, 52, 30, 50, 1, 15, 23, 27, 48, 47, 38, 32, 16, 12, 34, 51, 53, 33, 46, 20, 29, 8, 24, 37, 43, 41      c, c  Student        0  0.02, 16.59 2.0  0.01 
  32   15                 29, 9                                                                                   39, 14, 49, 42, 10, 45, 55, 52, 30, 50, 1, 15, 23, 27, 48, 47, 38, 32, 16, 12, 34, 51, 53, 33, 46, 20, 24, 43, 8, 41, 37      c, c Gaussian        0         0.00 1.0  0.00 
  32   16                 8, 22                                                                                   9, 39, 14, 49, 42, 10, 45, 55, 52, 30, 50, 1, 15, 23, 27, 48, 47, 38, 32, 16, 12, 34, 51, 53, 33, 46, 20, 24, 43, 37, 41      c, c  Student        0  0.00, 19.42 2.0  0.00 
  32   17                37, 40                                                                                   22, 9, 39, 14, 49, 42, 10, 45, 55, 52, 30, 50, 1, 15, 23, 27, 48, 47, 38, 32, 16, 12, 34, 51, 53, 33, 46, 20, 24, 43, 41      c, c  Student        0  0.01, 15.86 2.0  0.01 
  32   18                23, 54                                                                                   40, 22, 9, 39, 14, 49, 42, 10, 45, 55, 52, 30, 50, 1, 15, 51, 53, 33, 24, 34, 41, 43, 27, 48, 47, 12, 32, 16, 38, 46, 20      c, c Gaussian        0         0.07 1.0  0.05 
  32   19                 27, 3                                                                                   54, 40, 22, 9, 39, 14, 49, 42, 10, 45, 55, 52, 30, 50, 1, 15, 51, 53, 33, 24, 34, 41, 43, 38, 12, 20, 16, 47, 48, 46, 32      c, c Gaussian        0         0.03 1.0  0.02 
  32   20                48, 13                                                                                    3, 54, 40, 22, 9, 39, 14, 49, 42, 10, 45, 55, 52, 30, 50, 1, 15, 51, 53, 33, 24, 34, 41, 43, 38, 12, 20, 16, 47, 32, 46      c, c Gaussian        0         0.02 1.0  0.01 
  32   21                47, 31                                                                                    13, 3, 54, 40, 22, 9, 39, 14, 49, 42, 10, 45, 55, 52, 30, 50, 1, 15, 51, 53, 33, 24, 34, 41, 43, 38, 12, 20, 16, 32, 46      c, c Gaussian        0        -0.01 1.0 -0.01 
  32   22                38, 28                                                                                    31, 13, 3, 54, 40, 22, 9, 39, 14, 49, 42, 10, 45, 55, 52, 30, 50, 1, 15, 51, 53, 33, 24, 34, 41, 43, 12, 32, 16, 46, 20      c, c  Student        0 -0.00, 23.12 2.0 -0.00 
  32   23                51, 26                                                                                    28, 31, 13, 3, 54, 40, 22, 9, 39, 14, 49, 42, 10, 45, 55, 52, 30, 50, 1, 15, 32, 16, 12, 34, 46, 20, 24, 41, 43, 33, 53      c, c Gaussian        0         0.01 1.0  0.01 
  33    1                 6, 23                                                                                  21, 7, 5, 11, 25, 17, 36, 44, 35, 29, 8, 37, 51, 53, 33, 24, 34, 41, 43, 38, 4, 12, 20, 16, 47, 48, 46, 27, 32, 2, 18, 19      c, c Gaussian        0         0.02 1.0  0.01 
  33    2                19, 15                                                                                  23, 21, 7, 5, 11, 25, 17, 36, 44, 35, 29, 8, 37, 51, 53, 33, 24, 34, 41, 43, 38, 4, 12, 20, 16, 47, 48, 46, 27, 32, 2, 18      c, c Gaussian        0        -0.01 1.0 -0.01 
  33    3                  4, 1                                                                                 15, 23, 21, 7, 5, 11, 25, 17, 36, 44, 35, 29, 8, 37, 51, 53, 33, 24, 34, 41, 43, 38, 18, 2, 27, 48, 47, 32, 16, 46, 20, 12      c, c Gaussian        0        -0.01 1.0 -0.01 
  33    4                18, 50                                                                                  1, 15, 23, 21, 7, 5, 11, 25, 17, 36, 44, 35, 29, 8, 37, 51, 53, 33, 24, 34, 41, 43, 38, 12, 20, 16, 47, 48, 46, 27, 32, 2      c, c Gaussian        0        -0.01 1.0 -0.01 
  33    5                 2, 30                                                                                 50, 1, 15, 23, 21, 7, 5, 11, 25, 17, 36, 44, 35, 29, 8, 37, 51, 53, 33, 24, 34, 41, 43, 38, 12, 20, 16, 47, 48, 46, 27, 32      c, c Gaussian        0        -0.01 1.0 -0.00 
  33    6                21, 52                                                                                 30, 50, 1, 15, 23, 27, 48, 47, 38, 32, 44, 35, 29, 16, 12, 34, 51, 8, 37, 46, 20, 53, 17, 33, 41, 36, 43, 24, 11, 25, 5, 7      c, c  Student        0  0.01, 18.94 2.0  0.00 
  33    7                 7, 55                                                                                52, 30, 50, 1, 15, 23, 27, 48, 47, 38, 32, 44, 35, 29, 16, 12, 34, 51, 8, 37, 46, 20, 53, 17, 33, 41, 36, 43, 24, 11, 25, 5      c, c Gaussian        0         0.01 1.0  0.01 
  33    8                 5, 45                                                                               55, 52, 30, 50, 1, 15, 23, 27, 48, 47, 38, 32, 44, 35, 29, 16, 12, 34, 51, 8, 37, 46, 20, 53, 17, 33, 41, 36, 43, 24, 11, 25      c, c Gaussian        0        -0.01 1.0 -0.01 
  33    9                11, 10                                                                               45, 55, 52, 30, 50, 1, 15, 23, 27, 48, 47, 38, 32, 44, 35, 29, 16, 12, 34, 51, 8, 37, 46, 20, 53, 17, 33, 41, 36, 43, 24, 25      c, c Gaussian        0        -0.00 1.0 -0.00 
  33   10                25, 42                                                                               10, 45, 55, 52, 30, 50, 1, 15, 23, 27, 48, 47, 38, 32, 44, 35, 29, 16, 12, 34, 51, 8, 37, 46, 20, 53, 17, 33, 41, 36, 43, 24      c, c Gaussian        0        -0.01 1.0 -0.00 
  33   11                17, 49                                                                               42, 10, 45, 55, 52, 30, 50, 1, 15, 23, 27, 48, 47, 38, 32, 44, 35, 29, 16, 12, 34, 51, 8, 37, 46, 20, 53, 33, 36, 24, 43, 41      c, c  Student        0  0.01, 24.39 2.0  0.01 
  33   12                36, 14                                                                               49, 42, 10, 45, 55, 52, 30, 50, 1, 15, 23, 27, 48, 47, 38, 32, 44, 35, 29, 16, 12, 34, 51, 8, 37, 46, 20, 53, 33, 41, 43, 24      c, c Gaussian        0         0.04 1.0  0.03 
  33   13                44, 39                                                                               14, 49, 42, 10, 45, 55, 52, 30, 50, 1, 15, 23, 27, 48, 47, 38, 32, 16, 12, 34, 51, 53, 33, 46, 20, 29, 8, 24, 37, 43, 41, 35      c, c Gaussian        0        -0.01 1.0 -0.01 
  33   14                 35, 9                                                                               39, 14, 49, 42, 10, 45, 55, 52, 30, 50, 1, 15, 23, 27, 48, 47, 38, 32, 16, 12, 34, 51, 53, 33, 46, 20, 29, 8, 24, 37, 43, 41      c, c Gaussian        0         0.00 1.0  0.00 
  33   15                29, 22                                                                                9, 39, 14, 49, 42, 10, 45, 55, 52, 30, 50, 1, 15, 23, 27, 48, 47, 38, 32, 16, 12, 34, 51, 53, 33, 46, 20, 24, 43, 8, 41, 37      c, c Gaussian        0        -0.01 1.0 -0.01 
  33   16                 8, 40                                                                               22, 9, 39, 14, 49, 42, 10, 45, 55, 52, 30, 50, 1, 15, 23, 27, 48, 47, 38, 32, 16, 12, 34, 51, 53, 33, 46, 20, 24, 43, 37, 41      c, c  Student        0  0.02, 17.32 2.0  0.01 
  33   17                37, 54                                                                               40, 22, 9, 39, 14, 49, 42, 10, 45, 55, 52, 30, 50, 1, 15, 23, 27, 48, 47, 38, 32, 16, 12, 34, 51, 53, 33, 46, 20, 24, 43, 41      c, c Gaussian        0         0.04 1.0  0.02 
  33   18                 23, 3                                                                               54, 40, 22, 9, 39, 14, 49, 42, 10, 45, 55, 52, 30, 50, 1, 15, 51, 53, 33, 24, 34, 41, 43, 27, 48, 47, 12, 32, 16, 38, 46, 20      c, c Gaussian        0         0.07 1.0  0.05 
  33   19                27, 13                                                                                3, 54, 40, 22, 9, 39, 14, 49, 42, 10, 45, 55, 52, 30, 50, 1, 15, 51, 53, 33, 24, 34, 41, 43, 38, 12, 20, 16, 47, 48, 46, 32      c, c Gaussian        0         0.01 1.0  0.00 
  33   20                48, 31                                                                                13, 3, 54, 40, 22, 9, 39, 14, 49, 42, 10, 45, 55, 52, 30, 50, 1, 15, 51, 53, 33, 24, 34, 41, 43, 38, 12, 20, 16, 47, 32, 46      c, c  Student        0  0.04, 17.71 2.0  0.03 
  33   21                47, 28                                                                                31, 13, 3, 54, 40, 22, 9, 39, 14, 49, 42, 10, 45, 55, 52, 30, 50, 1, 15, 51, 53, 33, 24, 34, 41, 43, 38, 12, 20, 16, 32, 46      c, c Gaussian        0         0.05 1.0  0.03 
  33   22                38, 26                                                                                28, 31, 13, 3, 54, 40, 22, 9, 39, 14, 49, 42, 10, 45, 55, 52, 30, 50, 1, 15, 51, 53, 33, 24, 34, 41, 43, 12, 32, 16, 46, 20      c, c Gaussian        0         0.03 1.0  0.02 
  34    1                 6, 15                                                                              23, 21, 7, 5, 11, 25, 17, 36, 44, 35, 29, 8, 37, 51, 53, 33, 24, 34, 41, 43, 38, 4, 12, 20, 16, 47, 48, 46, 27, 32, 2, 18, 19      c, c Gaussian        0        -0.00 1.0 -0.00 
  34    2                 19, 1                                                                              15, 23, 21, 7, 5, 11, 25, 17, 36, 44, 35, 29, 8, 37, 51, 53, 33, 24, 34, 41, 43, 38, 4, 12, 20, 16, 47, 48, 46, 27, 32, 2, 18      c, c Gaussian        0         0.00 1.0  0.00 
  34    3                 4, 50                                                                              1, 15, 23, 21, 7, 5, 11, 25, 17, 36, 44, 35, 29, 8, 37, 51, 53, 33, 24, 34, 41, 43, 38, 18, 2, 27, 48, 47, 32, 16, 46, 20, 12      c, c Gaussian        0         0.01 1.0  0.00 
  34    4                18, 30                                                                              50, 1, 15, 23, 21, 7, 5, 11, 25, 17, 36, 44, 35, 29, 8, 37, 51, 53, 33, 24, 34, 41, 43, 38, 12, 20, 16, 47, 48, 46, 27, 32, 2      c, c Gaussian        0         0.00 1.0  0.00 
  34    5                 2, 52                                                                             30, 50, 1, 15, 23, 21, 7, 5, 11, 25, 17, 36, 44, 35, 29, 8, 37, 51, 53, 33, 24, 34, 41, 43, 38, 12, 20, 16, 47, 48, 46, 27, 32      c, c Gaussian        0         0.02 1.0  0.01 
  34    6                21, 55                                                                             52, 30, 50, 1, 15, 23, 27, 48, 47, 38, 32, 44, 35, 29, 16, 12, 34, 51, 8, 37, 46, 20, 53, 17, 33, 41, 36, 43, 24, 11, 25, 5, 7      c, c Gaussian        0        -0.02 1.0 -0.01 
  34    7                 7, 45                                                                            55, 52, 30, 50, 1, 15, 23, 27, 48, 47, 38, 32, 44, 35, 29, 16, 12, 34, 51, 8, 37, 46, 20, 53, 17, 33, 41, 36, 43, 24, 11, 25, 5      c, c Gaussian        0        -0.00 1.0 -0.00 
  34    8                 5, 10                                                                           45, 55, 52, 30, 50, 1, 15, 23, 27, 48, 47, 38, 32, 44, 35, 29, 16, 12, 34, 51, 8, 37, 46, 20, 53, 17, 33, 41, 36, 43, 24, 11, 25      c, c Gaussian        0         0.02 1.0  0.01 
  34    9                11, 42                                                                           10, 45, 55, 52, 30, 50, 1, 15, 23, 27, 48, 47, 38, 32, 44, 35, 29, 16, 12, 34, 51, 8, 37, 46, 20, 53, 17, 33, 41, 36, 43, 24, 25      c, c Gaussian        0        -0.01 1.0 -0.01 
  34   10                25, 49                                                                           42, 10, 45, 55, 52, 30, 50, 1, 15, 23, 27, 48, 47, 38, 32, 44, 35, 29, 16, 12, 34, 51, 8, 37, 46, 20, 53, 17, 33, 41, 36, 43, 24      c, c Gaussian        0        -0.02 1.0 -0.01 
  34   11                17, 14                                                                           49, 42, 10, 45, 55, 52, 30, 50, 1, 15, 23, 27, 48, 47, 38, 32, 44, 35, 29, 16, 12, 34, 51, 8, 37, 46, 20, 53, 33, 36, 24, 43, 41      c, c  Student        0  0.00, 22.10 2.0  0.00 
  34   12                36, 39                                                                           14, 49, 42, 10, 45, 55, 52, 30, 50, 1, 15, 23, 27, 48, 47, 38, 32, 44, 35, 29, 16, 12, 34, 51, 8, 37, 46, 20, 53, 33, 41, 43, 24      c, c Gaussian        0         0.01 1.0  0.00 
  34   13                 44, 9                                                                           39, 14, 49, 42, 10, 45, 55, 52, 30, 50, 1, 15, 23, 27, 48, 47, 38, 32, 16, 12, 34, 51, 53, 33, 46, 20, 29, 8, 24, 37, 43, 41, 35      c, c Gaussian        0         0.01 1.0  0.01 
  34   14                35, 22                                                                            9, 39, 14, 49, 42, 10, 45, 55, 52, 30, 50, 1, 15, 23, 27, 48, 47, 38, 32, 16, 12, 34, 51, 53, 33, 46, 20, 29, 8, 24, 37, 43, 41      c, c  Student        0  0.04, 14.23 2.0  0.03 
  34   15                29, 40                                                                            22, 9, 39, 14, 49, 42, 10, 45, 55, 52, 30, 50, 1, 15, 23, 27, 48, 47, 38, 32, 16, 12, 34, 51, 53, 33, 46, 20, 24, 43, 8, 41, 37      c, c Gaussian        0        -0.01 1.0 -0.01 
  34   16                 8, 54                                                                           40, 22, 9, 39, 14, 49, 42, 10, 45, 55, 52, 30, 50, 1, 15, 23, 27, 48, 47, 38, 32, 16, 12, 34, 51, 53, 33, 46, 20, 24, 43, 37, 41      c, c Gaussian        0         0.02 1.0  0.01 
  34   17                 37, 3                                                                           54, 40, 22, 9, 39, 14, 49, 42, 10, 45, 55, 52, 30, 50, 1, 15, 23, 27, 48, 47, 38, 32, 16, 12, 34, 51, 53, 33, 46, 20, 24, 43, 41      c, c Gaussian        0         0.01 1.0  0.01 
  34   18                23, 13                                                                            3, 54, 40, 22, 9, 39, 14, 49, 42, 10, 45, 55, 52, 30, 50, 1, 15, 51, 53, 33, 24, 34, 41, 43, 27, 48, 47, 12, 32, 16, 38, 46, 20      c, c Gaussian        0         0.01 1.0  0.00 
  34   19                27, 31                                                                            13, 3, 54, 40, 22, 9, 39, 14, 49, 42, 10, 45, 55, 52, 30, 50, 1, 15, 51, 53, 33, 24, 34, 41, 43, 38, 12, 20, 16, 47, 48, 46, 32      c, c Gaussian        0         0.04 1.0  0.03 
  34   20                48, 28                                                                            31, 13, 3, 54, 40, 22, 9, 39, 14, 49, 42, 10, 45, 55, 52, 30, 50, 1, 15, 51, 53, 33, 24, 34, 41, 43, 38, 12, 20, 16, 47, 32, 46      c, c  Student        0  0.04, 22.48 2.0  0.03 
  34   21                47, 26                                                                            28, 31, 13, 3, 54, 40, 22, 9, 39, 14, 49, 42, 10, 45, 55, 52, 30, 50, 1, 15, 51, 53, 33, 24, 34, 41, 43, 38, 12, 20, 16, 32, 46      c, c Gaussian        0         0.00 1.0  0.00 
  35    1                  6, 1                                                                          15, 23, 21, 7, 5, 11, 25, 17, 36, 44, 35, 29, 8, 37, 51, 53, 33, 24, 34, 41, 43, 38, 4, 12, 20, 16, 47, 48, 46, 27, 32, 2, 18, 19      c, c Gaussian        0        -0.01 1.0 -0.01 
  35    2                19, 50                                                                           1, 15, 23, 21, 7, 5, 11, 25, 17, 36, 44, 35, 29, 8, 37, 51, 53, 33, 24, 34, 41, 43, 38, 4, 12, 20, 16, 47, 48, 46, 27, 32, 2, 18      c, c Gaussian        0         0.01 1.0  0.01 
  35    3                 4, 30                                                                          50, 1, 15, 23, 21, 7, 5, 11, 25, 17, 36, 44, 35, 29, 8, 37, 51, 53, 33, 24, 34, 41, 43, 38, 18, 2, 27, 48, 47, 32, 16, 46, 20, 12      c, c Gaussian        0         0.01 1.0  0.00 
  35    4                18, 52                                                                          30, 50, 1, 15, 23, 21, 7, 5, 11, 25, 17, 36, 44, 35, 29, 8, 37, 51, 53, 33, 24, 34, 41, 43, 38, 12, 20, 16, 47, 48, 46, 27, 32, 2      c, c Gaussian        0         0.01 1.0  0.01 
  35    5                 2, 55                                                                         52, 30, 50, 1, 15, 23, 21, 7, 5, 11, 25, 17, 36, 44, 35, 29, 8, 37, 51, 53, 33, 24, 34, 41, 43, 38, 12, 20, 16, 47, 48, 46, 27, 32      c, c Gaussian        0         0.00 1.0  0.00 
  35    6                21, 45                                                                         55, 52, 30, 50, 1, 15, 23, 27, 48, 47, 38, 32, 44, 35, 29, 16, 12, 34, 51, 8, 37, 46, 20, 53, 17, 33, 41, 36, 43, 24, 11, 25, 5, 7      c, c Gaussian        0         0.01 1.0  0.00 
  35    7                 7, 10                                                                        45, 55, 52, 30, 50, 1, 15, 23, 27, 48, 47, 38, 32, 44, 35, 29, 16, 12, 34, 51, 8, 37, 46, 20, 53, 17, 33, 41, 36, 43, 24, 11, 25, 5      c, c  Student        0  0.02, 18.31 2.0  0.01 
  35    8                 5, 42                                                                       10, 45, 55, 52, 30, 50, 1, 15, 23, 27, 48, 47, 38, 32, 44, 35, 29, 16, 12, 34, 51, 8, 37, 46, 20, 53, 17, 33, 41, 36, 43, 24, 11, 25      c, c Gaussian        0         0.02 1.0  0.02 
  35    9                11, 49                                                                       42, 10, 45, 55, 52, 30, 50, 1, 15, 23, 27, 48, 47, 38, 32, 44, 35, 29, 16, 12, 34, 51, 8, 37, 46, 20, 53, 17, 33, 41, 36, 43, 24, 25      c, c Gaussian        0         0.01 1.0  0.00 
  35   10                25, 14                                                                       49, 42, 10, 45, 55, 52, 30, 50, 1, 15, 23, 27, 48, 47, 38, 32, 44, 35, 29, 16, 12, 34, 51, 8, 37, 46, 20, 53, 17, 33, 41, 36, 43, 24      c, c Gaussian        0        -0.00 1.0 -0.00 
  35   11                17, 39                                                                       14, 49, 42, 10, 45, 55, 52, 30, 50, 1, 15, 23, 27, 48, 47, 38, 32, 44, 35, 29, 16, 12, 34, 51, 8, 37, 46, 20, 53, 33, 36, 24, 43, 41      c, c Gaussian        0         0.01 1.0  0.01 
  35   12                 36, 9                                                                       39, 14, 49, 42, 10, 45, 55, 52, 30, 50, 1, 15, 23, 27, 48, 47, 38, 32, 44, 35, 29, 16, 12, 34, 51, 8, 37, 46, 20, 53, 33, 41, 43, 24      c, c Gaussian        0         0.02 1.0  0.02 
  35   13                44, 22                                                                        9, 39, 14, 49, 42, 10, 45, 55, 52, 30, 50, 1, 15, 23, 27, 48, 47, 38, 32, 16, 12, 34, 51, 53, 33, 46, 20, 29, 8, 24, 37, 43, 41, 35      c, c Gaussian        0         0.02 1.0  0.01 
  35   14                35, 40                                                                        22, 9, 39, 14, 49, 42, 10, 45, 55, 52, 30, 50, 1, 15, 23, 27, 48, 47, 38, 32, 16, 12, 34, 51, 53, 33, 46, 20, 29, 8, 24, 37, 43, 41      c, c  Student        0  0.12, 11.09 2.0  0.08 
  35   15                29, 54                                                                        40, 22, 9, 39, 14, 49, 42, 10, 45, 55, 52, 30, 50, 1, 15, 23, 27, 48, 47, 38, 32, 16, 12, 34, 51, 53, 33, 46, 20, 24, 43, 8, 41, 37      c, c Gaussian        0        -0.02 1.0 -0.01 
  35   16                  8, 3                                                                       54, 40, 22, 9, 39, 14, 49, 42, 10, 45, 55, 52, 30, 50, 1, 15, 23, 27, 48, 47, 38, 32, 16, 12, 34, 51, 53, 33, 46, 20, 24, 43, 37, 41      c, c Gaussian        0         0.00 1.0  0.00 
  35   17                37, 13                                                                        3, 54, 40, 22, 9, 39, 14, 49, 42, 10, 45, 55, 52, 30, 50, 1, 15, 23, 27, 48, 47, 38, 32, 16, 12, 34, 51, 53, 33, 46, 20, 24, 43, 41      c, c Gaussian        0        -0.00 1.0 -0.00 
  35   18                23, 31                                                                        13, 3, 54, 40, 22, 9, 39, 14, 49, 42, 10, 45, 55, 52, 30, 50, 1, 15, 51, 53, 33, 24, 34, 41, 43, 27, 48, 47, 12, 32, 16, 38, 46, 20      c, c Gaussian        0         0.04 1.0  0.02 
  35   19                27, 28                                                                        31, 13, 3, 54, 40, 22, 9, 39, 14, 49, 42, 10, 45, 55, 52, 30, 50, 1, 15, 51, 53, 33, 24, 34, 41, 43, 38, 12, 20, 16, 47, 48, 46, 32      c, c Gaussian        0        -0.00 1.0 -0.00 
  35   20                48, 26                                                                        28, 31, 13, 3, 54, 40, 22, 9, 39, 14, 49, 42, 10, 45, 55, 52, 30, 50, 1, 15, 51, 53, 33, 24, 34, 41, 43, 38, 12, 20, 16, 47, 32, 46      c, c Gaussian        0        -0.01 1.0 -0.01 
  36    1                 6, 50                                                                       1, 15, 23, 21, 7, 5, 11, 25, 17, 36, 44, 35, 29, 8, 37, 51, 53, 33, 24, 34, 41, 43, 38, 4, 12, 20, 16, 47, 48, 46, 27, 32, 2, 18, 19      c, c Gaussian        0        -0.00 1.0 -0.00 
  36    2                19, 30                                                                       50, 1, 15, 23, 21, 7, 5, 11, 25, 17, 36, 44, 35, 29, 8, 37, 51, 53, 33, 24, 34, 41, 43, 38, 4, 12, 20, 16, 47, 48, 46, 27, 32, 2, 18      c, c Gaussian        0        -0.00 1.0 -0.00 
  36    3                 4, 52                                                                      30, 50, 1, 15, 23, 21, 7, 5, 11, 25, 17, 36, 44, 35, 29, 8, 37, 51, 53, 33, 24, 34, 41, 43, 38, 18, 2, 27, 48, 47, 32, 16, 46, 20, 12      c, c Gaussian        0        -0.01 1.0 -0.01 
  36    4                18, 55                                                                      52, 30, 50, 1, 15, 23, 21, 7, 5, 11, 25, 17, 36, 44, 35, 29, 8, 37, 51, 53, 33, 24, 34, 41, 43, 38, 12, 20, 16, 47, 48, 46, 27, 32, 2      c, c Gaussian        0         0.01 1.0  0.00 
  36    5                 2, 45                                                                     55, 52, 30, 50, 1, 15, 23, 21, 7, 5, 11, 25, 17, 36, 44, 35, 29, 8, 37, 51, 53, 33, 24, 34, 41, 43, 38, 12, 20, 16, 47, 48, 46, 27, 32      c, c Gaussian        0         0.00 1.0  0.00 
  36    6                21, 10                                                                     45, 55, 52, 30, 50, 1, 15, 23, 27, 48, 47, 38, 32, 44, 35, 29, 16, 12, 34, 51, 8, 37, 46, 20, 53, 17, 33, 41, 36, 43, 24, 11, 25, 5, 7      c, c Gaussian        0        -0.00 1.0 -0.00 
  36    7                 7, 42                                                                    10, 45, 55, 52, 30, 50, 1, 15, 23, 27, 48, 47, 38, 32, 44, 35, 29, 16, 12, 34, 51, 8, 37, 46, 20, 53, 17, 33, 41, 36, 43, 24, 11, 25, 5      c, c Gaussian        0        -0.02 1.0 -0.01 
  36    8                 5, 49                                                                   42, 10, 45, 55, 52, 30, 50, 1, 15, 23, 27, 48, 47, 38, 32, 44, 35, 29, 16, 12, 34, 51, 8, 37, 46, 20, 53, 17, 33, 41, 36, 43, 24, 11, 25      c, c Gaussian        0        -0.03 1.0 -0.02 
  36    9                11, 14                                                                   49, 42, 10, 45, 55, 52, 30, 50, 1, 15, 23, 27, 48, 47, 38, 32, 44, 35, 29, 16, 12, 34, 51, 8, 37, 46, 20, 53, 17, 33, 41, 36, 43, 24, 25      c, c Gaussian        0         0.05 1.0  0.03 
  36   10                25, 39                                                                   14, 49, 42, 10, 45, 55, 52, 30, 50, 1, 15, 23, 27, 48, 47, 38, 32, 44, 35, 29, 16, 12, 34, 51, 8, 37, 46, 20, 53, 17, 33, 41, 36, 43, 24      c, c Gaussian        0        -0.00 1.0 -0.00 
  36   11                 17, 9                                                                   39, 14, 49, 42, 10, 45, 55, 52, 30, 50, 1, 15, 23, 27, 48, 47, 38, 32, 44, 35, 29, 16, 12, 34, 51, 8, 37, 46, 20, 53, 33, 36, 24, 43, 41      c, c Gaussian        0        -0.00 1.0 -0.00 
  36   12                36, 22                                                                    9, 39, 14, 49, 42, 10, 45, 55, 52, 30, 50, 1, 15, 23, 27, 48, 47, 38, 32, 44, 35, 29, 16, 12, 34, 51, 8, 37, 46, 20, 53, 33, 41, 43, 24      c, c Gaussian        0         0.04 1.0  0.02 
  36   13                44, 40                                                                    22, 9, 39, 14, 49, 42, 10, 45, 55, 52, 30, 50, 1, 15, 23, 27, 48, 47, 38, 32, 16, 12, 34, 51, 53, 33, 46, 20, 29, 8, 24, 37, 43, 41, 35      c, c Gaussian        0        -0.02 1.0 -0.01 
  36   14                35, 54                                                                    40, 22, 9, 39, 14, 49, 42, 10, 45, 55, 52, 30, 50, 1, 15, 23, 27, 48, 47, 38, 32, 16, 12, 34, 51, 53, 33, 46, 20, 29, 8, 24, 37, 43, 41      c, c  Student        0  0.02, 19.24 2.0  0.02 
  36   15                 29, 3                                                                    54, 40, 22, 9, 39, 14, 49, 42, 10, 45, 55, 52, 30, 50, 1, 15, 23, 27, 48, 47, 38, 32, 16, 12, 34, 51, 53, 33, 46, 20, 24, 43, 8, 41, 37      c, c Gaussian        0         0.00 1.0  0.00 
  36   16                 8, 13                                                                    3, 54, 40, 22, 9, 39, 14, 49, 42, 10, 45, 55, 52, 30, 50, 1, 15, 23, 27, 48, 47, 38, 32, 16, 12, 34, 51, 53, 33, 46, 20, 24, 43, 37, 41      c, c Gaussian        0        -0.02 1.0 -0.01 
  36   17                37, 31                                                                    13, 3, 54, 40, 22, 9, 39, 14, 49, 42, 10, 45, 55, 52, 30, 50, 1, 15, 23, 27, 48, 47, 38, 32, 16, 12, 34, 51, 53, 33, 46, 20, 24, 43, 41      c, c Gaussian        0        -0.00 1.0 -0.00 
  36   18                23, 28                                                                    31, 13, 3, 54, 40, 22, 9, 39, 14, 49, 42, 10, 45, 55, 52, 30, 50, 1, 15, 51, 53, 33, 24, 34, 41, 43, 27, 48, 47, 12, 32, 16, 38, 46, 20      c, c Gaussian        0         0.01 1.0  0.01 
  36   19                27, 26                                                                    28, 31, 13, 3, 54, 40, 22, 9, 39, 14, 49, 42, 10, 45, 55, 52, 30, 50, 1, 15, 51, 53, 33, 24, 34, 41, 43, 38, 12, 20, 16, 47, 48, 46, 32      c, c Gaussian        0        -0.01 1.0 -0.01 
  37    1                 6, 30                                                                   50, 1, 15, 23, 21, 7, 5, 11, 25, 17, 36, 44, 35, 29, 8, 37, 51, 53, 33, 24, 34, 41, 43, 38, 4, 12, 20, 16, 47, 48, 46, 27, 32, 2, 18, 19      c, c Gaussian        0        -0.02 1.0 -0.01 
  37    2                19, 52                                                                   30, 50, 1, 15, 23, 21, 7, 5, 11, 25, 17, 36, 44, 35, 29, 8, 37, 51, 53, 33, 24, 34, 41, 43, 38, 4, 12, 20, 16, 47, 48, 46, 27, 32, 2, 18      c, c Gaussian        0        -0.00 1.0 -0.00 
  37    3                 4, 55                                                                  52, 30, 50, 1, 15, 23, 21, 7, 5, 11, 25, 17, 36, 44, 35, 29, 8, 37, 51, 53, 33, 24, 34, 41, 43, 38, 18, 2, 27, 48, 47, 32, 16, 46, 20, 12      c, c Gaussian        0         0.01 1.0  0.01 
  37    4                18, 45                                                                  55, 52, 30, 50, 1, 15, 23, 21, 7, 5, 11, 25, 17, 36, 44, 35, 29, 8, 37, 51, 53, 33, 24, 34, 41, 43, 38, 12, 20, 16, 47, 48, 46, 27, 32, 2      c, c Gaussian        0         0.01 1.0  0.01 
  37    5                 2, 10                                                                 45, 55, 52, 30, 50, 1, 15, 23, 21, 7, 5, 11, 25, 17, 36, 44, 35, 29, 8, 37, 51, 53, 33, 24, 34, 41, 43, 38, 12, 20, 16, 47, 48, 46, 27, 32      c, c Gaussian        0         0.02 1.0  0.01 
  37    6                21, 42                                                                 10, 45, 55, 52, 30, 50, 1, 15, 23, 27, 48, 47, 38, 32, 44, 35, 29, 16, 12, 34, 51, 8, 37, 46, 20, 53, 17, 33, 41, 36, 43, 24, 11, 25, 5, 7      c, c Gaussian        0         0.01 1.0  0.01 
  37    7                 7, 49                                                                42, 10, 45, 55, 52, 30, 50, 1, 15, 23, 27, 48, 47, 38, 32, 44, 35, 29, 16, 12, 34, 51, 8, 37, 46, 20, 53, 17, 33, 41, 36, 43, 24, 11, 25, 5      c, c Gaussian        0         0.01 1.0  0.00 
  37    8                 5, 14                                                               49, 42, 10, 45, 55, 52, 30, 50, 1, 15, 23, 27, 48, 47, 38, 32, 44, 35, 29, 16, 12, 34, 51, 8, 37, 46, 20, 53, 17, 33, 41, 36, 43, 24, 11, 25      c, c Gaussian        0        -0.01 1.0 -0.01 
  37    9                11, 39                                                               14, 49, 42, 10, 45, 55, 52, 30, 50, 1, 15, 23, 27, 48, 47, 38, 32, 44, 35, 29, 16, 12, 34, 51, 8, 37, 46, 20, 53, 17, 33, 41, 36, 43, 24, 25      c, c Gaussian        0        -0.01 1.0 -0.01 
  37   10                 25, 9                                                               39, 14, 49, 42, 10, 45, 55, 52, 30, 50, 1, 15, 23, 27, 48, 47, 38, 32, 44, 35, 29, 16, 12, 34, 51, 8, 37, 46, 20, 53, 17, 33, 41, 36, 43, 24      c, c Gaussian        0        -0.00 1.0 -0.00 
  37   11                17, 22                                                                9, 39, 14, 49, 42, 10, 45, 55, 52, 30, 50, 1, 15, 23, 27, 48, 47, 38, 32, 44, 35, 29, 16, 12, 34, 51, 8, 37, 46, 20, 53, 33, 36, 24, 43, 41      c, c  Student        0  0.05, 17.73 2.0  0.03 
  37   12                36, 40                                                                22, 9, 39, 14, 49, 42, 10, 45, 55, 52, 30, 50, 1, 15, 23, 27, 48, 47, 38, 32, 44, 35, 29, 16, 12, 34, 51, 8, 37, 46, 20, 53, 33, 41, 43, 24      c, c Gaussian        0         0.03 1.0  0.02 
  37   13                44, 54                                                                40, 22, 9, 39, 14, 49, 42, 10, 45, 55, 52, 30, 50, 1, 15, 23, 27, 48, 47, 38, 32, 16, 12, 34, 51, 53, 33, 46, 20, 29, 8, 24, 37, 43, 41, 35      c, c Gaussian        0         0.00 1.0  0.00 
  37   14                 35, 3                                                                54, 40, 22, 9, 39, 14, 49, 42, 10, 45, 55, 52, 30, 50, 1, 15, 23, 27, 48, 47, 38, 32, 16, 12, 34, 51, 53, 33, 46, 20, 29, 8, 24, 37, 43, 41      c, c Gaussian        0         0.02 1.0  0.01 
  37   15                29, 13                                                                 3, 54, 40, 22, 9, 39, 14, 49, 42, 10, 45, 55, 52, 30, 50, 1, 15, 23, 27, 48, 47, 38, 32, 16, 12, 34, 51, 53, 33, 46, 20, 24, 43, 8, 41, 37      c, c Gaussian        0         0.01 1.0  0.01 
  37   16                 8, 31                                                                13, 3, 54, 40, 22, 9, 39, 14, 49, 42, 10, 45, 55, 52, 30, 50, 1, 15, 23, 27, 48, 47, 38, 32, 16, 12, 34, 51, 53, 33, 46, 20, 24, 43, 37, 41      c, c Gaussian        0         0.00 1.0  0.00 
  37   17                37, 28                                                                31, 13, 3, 54, 40, 22, 9, 39, 14, 49, 42, 10, 45, 55, 52, 30, 50, 1, 15, 23, 27, 48, 47, 38, 32, 16, 12, 34, 51, 53, 33, 46, 20, 24, 43, 41      c, c Gaussian        0         0.00 1.0  0.00 
  37   18                23, 26                                                                28, 31, 13, 3, 54, 40, 22, 9, 39, 14, 49, 42, 10, 45, 55, 52, 30, 50, 1, 15, 51, 53, 33, 24, 34, 41, 43, 27, 48, 47, 12, 32, 16, 38, 46, 20      c, c Gaussian        0        -0.00 1.0 -0.00 
  38    1                 6, 52                                                               30, 50, 1, 15, 23, 21, 7, 5, 11, 25, 17, 36, 44, 35, 29, 8, 37, 51, 53, 33, 24, 34, 41, 43, 38, 4, 12, 20, 16, 47, 48, 46, 27, 32, 2, 18, 19      c, c Gaussian        0         0.00 1.0  0.00 
  38    2                19, 55                                                               52, 30, 50, 1, 15, 23, 21, 7, 5, 11, 25, 17, 36, 44, 35, 29, 8, 37, 51, 53, 33, 24, 34, 41, 43, 38, 4, 12, 20, 16, 47, 48, 46, 27, 32, 2, 18      c, c Gaussian        0        -0.01 1.0 -0.01 
  38    3                 4, 45                                                              55, 52, 30, 50, 1, 15, 23, 21, 7, 5, 11, 25, 17, 36, 44, 35, 29, 8, 37, 51, 53, 33, 24, 34, 41, 43, 38, 18, 2, 27, 48, 47, 32, 16, 46, 20, 12      c, c Gaussian        0        -0.00 1.0 -0.00 
  38    4                18, 10                                                              45, 55, 52, 30, 50, 1, 15, 23, 21, 7, 5, 11, 25, 17, 36, 44, 35, 29, 8, 37, 51, 53, 33, 24, 34, 41, 43, 38, 12, 20, 16, 47, 48, 46, 27, 32, 2      c, c Gaussian        0         0.00 1.0  0.00 
  38    5                 2, 42                                                             10, 45, 55, 52, 30, 50, 1, 15, 23, 21, 7, 5, 11, 25, 17, 36, 44, 35, 29, 8, 37, 51, 53, 33, 24, 34, 41, 43, 38, 12, 20, 16, 47, 48, 46, 27, 32      c, c Gaussian        0        -0.01 1.0 -0.01 
  38    6                21, 49                                                             42, 10, 45, 55, 52, 30, 50, 1, 15, 23, 27, 48, 47, 38, 32, 44, 35, 29, 16, 12, 34, 51, 8, 37, 46, 20, 53, 17, 33, 41, 36, 43, 24, 11, 25, 5, 7      c, c  Student        0 -0.01, 25.02 2.0 -0.00 
  38    7                 7, 14                                                            49, 42, 10, 45, 55, 52, 30, 50, 1, 15, 23, 27, 48, 47, 38, 32, 44, 35, 29, 16, 12, 34, 51, 8, 37, 46, 20, 53, 17, 33, 41, 36, 43, 24, 11, 25, 5      c, c Gaussian        0        -0.00 1.0 -0.00 
  38    8                 5, 39                                                           14, 49, 42, 10, 45, 55, 52, 30, 50, 1, 15, 23, 27, 48, 47, 38, 32, 44, 35, 29, 16, 12, 34, 51, 8, 37, 46, 20, 53, 17, 33, 41, 36, 43, 24, 11, 25      c, c Gaussian        0         0.03 1.0  0.02 
  38    9                 11, 9                                                           39, 14, 49, 42, 10, 45, 55, 52, 30, 50, 1, 15, 23, 27, 48, 47, 38, 32, 44, 35, 29, 16, 12, 34, 51, 8, 37, 46, 20, 53, 17, 33, 41, 36, 43, 24, 25      c, c Gaussian        0         0.02 1.0  0.01 
  38   10                25, 22                                                            9, 39, 14, 49, 42, 10, 45, 55, 52, 30, 50, 1, 15, 23, 27, 48, 47, 38, 32, 44, 35, 29, 16, 12, 34, 51, 8, 37, 46, 20, 53, 17, 33, 41, 36, 43, 24      c, c Gaussian        0         0.01 1.0  0.01 
  38   11                17, 40                                                            22, 9, 39, 14, 49, 42, 10, 45, 55, 52, 30, 50, 1, 15, 23, 27, 48, 47, 38, 32, 44, 35, 29, 16, 12, 34, 51, 8, 37, 46, 20, 53, 33, 36, 24, 43, 41      c, c Gaussian        0         0.06 1.0  0.04 
  38   12                36, 54                                                            40, 22, 9, 39, 14, 49, 42, 10, 45, 55, 52, 30, 50, 1, 15, 23, 27, 48, 47, 38, 32, 44, 35, 29, 16, 12, 34, 51, 8, 37, 46, 20, 53, 33, 41, 43, 24      c, c  Student        0  0.03, 21.93 2.0  0.02 
  38   13                 44, 3                                                            54, 40, 22, 9, 39, 14, 49, 42, 10, 45, 55, 52, 30, 50, 1, 15, 23, 27, 48, 47, 38, 32, 16, 12, 34, 51, 53, 33, 46, 20, 29, 8, 24, 37, 43, 41, 35      c, c Gaussian        0         0.01 1.0  0.01 
  38   14                35, 13                                                             3, 54, 40, 22, 9, 39, 14, 49, 42, 10, 45, 55, 52, 30, 50, 1, 15, 23, 27, 48, 47, 38, 32, 16, 12, 34, 51, 53, 33, 46, 20, 29, 8, 24, 37, 43, 41      c, c Gaussian        0         0.00 1.0  0.00 
  38   15                29, 31                                                             13, 3, 54, 40, 22, 9, 39, 14, 49, 42, 10, 45, 55, 52, 30, 50, 1, 15, 23, 27, 48, 47, 38, 32, 16, 12, 34, 51, 53, 33, 46, 20, 24, 43, 8, 41, 37      c, c Gaussian        0        -0.03 1.0 -0.02 
  38   16                 8, 28                                                            31, 13, 3, 54, 40, 22, 9, 39, 14, 49, 42, 10, 45, 55, 52, 30, 50, 1, 15, 23, 27, 48, 47, 38, 32, 16, 12, 34, 51, 53, 33, 46, 20, 24, 43, 37, 41      c, c Gaussian        0         0.02 1.0  0.01 
  38   17                37, 26                                                            28, 31, 13, 3, 54, 40, 22, 9, 39, 14, 49, 42, 10, 45, 55, 52, 30, 50, 1, 15, 23, 27, 48, 47, 38, 32, 16, 12, 34, 51, 53, 33, 46, 20, 24, 43, 41      c, c Gaussian        0         0.01 1.0  0.01 
  39    1                 6, 55                                                           52, 30, 50, 1, 15, 23, 21, 7, 5, 11, 25, 17, 36, 44, 35, 29, 8, 37, 51, 53, 33, 24, 34, 41, 43, 38, 4, 12, 20, 16, 47, 48, 46, 27, 32, 2, 18, 19      c, c Gaussian        0        -0.04 1.0 -0.03 
  39    2                19, 45                                                           55, 52, 30, 50, 1, 15, 23, 21, 7, 5, 11, 25, 17, 36, 44, 35, 29, 8, 37, 51, 53, 33, 24, 34, 41, 43, 38, 4, 12, 20, 16, 47, 48, 46, 27, 32, 2, 18      c, c Gaussian        0        -0.03 1.0 -0.02 
  39    3                 4, 10                                                          45, 55, 52, 30, 50, 1, 15, 23, 21, 7, 5, 11, 25, 17, 36, 44, 35, 29, 8, 37, 51, 53, 33, 24, 34, 41, 43, 38, 18, 2, 27, 48, 47, 32, 16, 46, 20, 12      c, c Gaussian        0         0.02 1.0  0.02 
  39    4                18, 42                                                          10, 45, 55, 52, 30, 50, 1, 15, 23, 21, 7, 5, 11, 25, 17, 36, 44, 35, 29, 8, 37, 51, 53, 33, 24, 34, 41, 43, 38, 12, 20, 16, 47, 48, 46, 27, 32, 2      c, c Gaussian        0         0.01 1.0  0.01 
  39    5                 2, 49                                                         42, 10, 45, 55, 52, 30, 50, 1, 15, 23, 21, 7, 5, 11, 25, 17, 36, 44, 35, 29, 8, 37, 51, 53, 33, 24, 34, 41, 43, 38, 12, 20, 16, 47, 48, 46, 27, 32      c, c  Student        0  0.03, 23.75 2.0  0.02 
  39    6                21, 14                                                         49, 42, 10, 45, 55, 52, 30, 50, 1, 15, 23, 27, 48, 47, 38, 32, 44, 35, 29, 16, 12, 34, 51, 8, 37, 46, 20, 53, 17, 33, 41, 36, 43, 24, 11, 25, 5, 7      c, c Gaussian        0         0.01 1.0  0.01 
  39    7                 7, 39                                                        14, 49, 42, 10, 45, 55, 52, 30, 50, 1, 15, 23, 27, 48, 47, 38, 32, 44, 35, 29, 16, 12, 34, 51, 8, 37, 46, 20, 53, 17, 33, 41, 36, 43, 24, 11, 25, 5      c, c Gaussian        0         0.00 1.0  0.00 
  39    8                  5, 9                                                       39, 14, 49, 42, 10, 45, 55, 52, 30, 50, 1, 15, 23, 27, 48, 47, 38, 32, 44, 35, 29, 16, 12, 34, 51, 8, 37, 46, 20, 53, 17, 33, 41, 36, 43, 24, 11, 25      c, c Gaussian        0         0.02 1.0  0.01 
  39    9                11, 22                                                        9, 39, 14, 49, 42, 10, 45, 55, 52, 30, 50, 1, 15, 23, 27, 48, 47, 38, 32, 44, 35, 29, 16, 12, 34, 51, 8, 37, 46, 20, 53, 17, 33, 41, 36, 43, 24, 25      c, c Gaussian        0        -0.01 1.0 -0.01 
  39   10                25, 40                                                        22, 9, 39, 14, 49, 42, 10, 45, 55, 52, 30, 50, 1, 15, 23, 27, 48, 47, 38, 32, 44, 35, 29, 16, 12, 34, 51, 8, 37, 46, 20, 53, 17, 33, 41, 36, 43, 24      c, c Gaussian        0         0.00 1.0  0.00 
  39   11                17, 54                                                        40, 22, 9, 39, 14, 49, 42, 10, 45, 55, 52, 30, 50, 1, 15, 23, 27, 48, 47, 38, 32, 44, 35, 29, 16, 12, 34, 51, 8, 37, 46, 20, 53, 33, 36, 24, 43, 41      c, c  Student        0  0.02, 23.92 2.0  0.01 
  39   12                 36, 3                                                        54, 40, 22, 9, 39, 14, 49, 42, 10, 45, 55, 52, 30, 50, 1, 15, 23, 27, 48, 47, 38, 32, 44, 35, 29, 16, 12, 34, 51, 8, 37, 46, 20, 53, 33, 41, 43, 24      c, c Gaussian        0        -0.01 1.0 -0.01 
  39   13                44, 13                                                         3, 54, 40, 22, 9, 39, 14, 49, 42, 10, 45, 55, 52, 30, 50, 1, 15, 23, 27, 48, 47, 38, 32, 16, 12, 34, 51, 53, 33, 46, 20, 29, 8, 24, 37, 43, 41, 35      c, c Gaussian        0         0.02 1.0  0.01 
  39   14                35, 31                                                         13, 3, 54, 40, 22, 9, 39, 14, 49, 42, 10, 45, 55, 52, 30, 50, 1, 15, 23, 27, 48, 47, 38, 32, 16, 12, 34, 51, 53, 33, 46, 20, 29, 8, 24, 37, 43, 41      c, c Gaussian        0         0.03 1.0  0.02 
  39   15                29, 28                                                         31, 13, 3, 54, 40, 22, 9, 39, 14, 49, 42, 10, 45, 55, 52, 30, 50, 1, 15, 23, 27, 48, 47, 38, 32, 16, 12, 34, 51, 53, 33, 46, 20, 24, 43, 8, 41, 37      c, c Gaussian        0         0.02 1.0  0.01 
  39   16                 8, 26                                                        28, 31, 13, 3, 54, 40, 22, 9, 39, 14, 49, 42, 10, 45, 55, 52, 30, 50, 1, 15, 23, 27, 48, 47, 38, 32, 16, 12, 34, 51, 53, 33, 46, 20, 24, 43, 37, 41      c, c Gaussian        0         0.01 1.0  0.00 
  40    1                 6, 45                                                       55, 52, 30, 50, 1, 15, 23, 21, 7, 5, 11, 25, 17, 36, 44, 35, 29, 8, 37, 51, 53, 33, 24, 34, 41, 43, 38, 4, 12, 20, 16, 47, 48, 46, 27, 32, 2, 18, 19      c, c Gaussian        0        -0.02 1.0 -0.02 
  40    2                19, 10                                                       45, 55, 52, 30, 50, 1, 15, 23, 21, 7, 5, 11, 25, 17, 36, 44, 35, 29, 8, 37, 51, 53, 33, 24, 34, 41, 43, 38, 4, 12, 20, 16, 47, 48, 46, 27, 32, 2, 18      c, c Gaussian        0         0.02 1.0  0.01 
  40    3                 4, 42                                                      10, 45, 55, 52, 30, 50, 1, 15, 23, 21, 7, 5, 11, 25, 17, 36, 44, 35, 29, 8, 37, 51, 53, 33, 24, 34, 41, 43, 38, 18, 2, 27, 48, 47, 32, 16, 46, 20, 12      c, c Gaussian        0         0.00 1.0  0.00 
  40    4                18, 49                                                      42, 10, 45, 55, 52, 30, 50, 1, 15, 23, 21, 7, 5, 11, 25, 17, 36, 44, 35, 29, 8, 37, 51, 53, 33, 24, 34, 41, 43, 38, 12, 20, 16, 47, 48, 46, 27, 32, 2      c, c Gaussian        0        -0.01 1.0 -0.01 
  40    5                 2, 14                                                     49, 42, 10, 45, 55, 52, 30, 50, 1, 15, 23, 21, 7, 5, 11, 25, 17, 36, 44, 35, 29, 8, 37, 51, 53, 33, 24, 34, 41, 43, 38, 12, 20, 16, 47, 48, 46, 27, 32      c, c Gaussian        0        -0.00 1.0 -0.00 
  40    6                21, 39                                                     14, 49, 42, 10, 45, 55, 52, 30, 50, 1, 15, 23, 27, 48, 47, 38, 32, 44, 35, 29, 16, 12, 34, 51, 8, 37, 46, 20, 53, 17, 33, 41, 36, 43, 24, 11, 25, 5, 7      c, c Gaussian        0        -0.00 1.0 -0.00 
  40    7                  7, 9                                                    39, 14, 49, 42, 10, 45, 55, 52, 30, 50, 1, 15, 23, 27, 48, 47, 38, 32, 44, 35, 29, 16, 12, 34, 51, 8, 37, 46, 20, 53, 17, 33, 41, 36, 43, 24, 11, 25, 5      c, c  Student        0  0.02, 22.67 2.0  0.01 
  40    8                 5, 22                                                    9, 39, 14, 49, 42, 10, 45, 55, 52, 30, 50, 1, 15, 23, 27, 48, 47, 38, 32, 44, 35, 29, 16, 12, 34, 51, 8, 37, 46, 20, 53, 17, 33, 41, 36, 43, 24, 11, 25      c, c  Student        0  0.10, 24.21 2.0  0.07 
  40    9                11, 40                                                    22, 9, 39, 14, 49, 42, 10, 45, 55, 52, 30, 50, 1, 15, 23, 27, 48, 47, 38, 32, 44, 35, 29, 16, 12, 34, 51, 8, 37, 46, 20, 53, 17, 33, 41, 36, 43, 24, 25      c, c Gaussian        0         0.01 1.0  0.00 
  40   10                25, 54                                                    40, 22, 9, 39, 14, 49, 42, 10, 45, 55, 52, 30, 50, 1, 15, 23, 27, 48, 47, 38, 32, 44, 35, 29, 16, 12, 34, 51, 8, 37, 46, 20, 53, 17, 33, 41, 36, 43, 24      c, c Gaussian        0         0.01 1.0  0.01 
  40   11                 17, 3                                                    54, 40, 22, 9, 39, 14, 49, 42, 10, 45, 55, 52, 30, 50, 1, 15, 23, 27, 48, 47, 38, 32, 44, 35, 29, 16, 12, 34, 51, 8, 37, 46, 20, 53, 33, 36, 24, 43, 41      c, c Gaussian        0         0.04 1.0  0.02 
  40   12                36, 13                                                     3, 54, 40, 22, 9, 39, 14, 49, 42, 10, 45, 55, 52, 30, 50, 1, 15, 23, 27, 48, 47, 38, 32, 44, 35, 29, 16, 12, 34, 51, 8, 37, 46, 20, 53, 33, 41, 43, 24      c, c Gaussian        0         0.01 1.0  0.01 
  40   13                44, 31                                                     13, 3, 54, 40, 22, 9, 39, 14, 49, 42, 10, 45, 55, 52, 30, 50, 1, 15, 23, 27, 48, 47, 38, 32, 16, 12, 34, 51, 53, 33, 46, 20, 29, 8, 24, 37, 43, 41, 35      c, c Gaussian        0        -0.00 1.0 -0.00 
  40   14                35, 28                                                     31, 13, 3, 54, 40, 22, 9, 39, 14, 49, 42, 10, 45, 55, 52, 30, 50, 1, 15, 23, 27, 48, 47, 38, 32, 16, 12, 34, 51, 53, 33, 46, 20, 29, 8, 24, 37, 43, 41      c, c Gaussian        0         0.01 1.0  0.01 
  40   15                29, 26                                                     28, 31, 13, 3, 54, 40, 22, 9, 39, 14, 49, 42, 10, 45, 55, 52, 30, 50, 1, 15, 23, 27, 48, 47, 38, 32, 16, 12, 34, 51, 53, 33, 46, 20, 24, 43, 8, 41, 37      c, c Gaussian        0        -0.02 1.0 -0.01 
  41    1                 6, 10                                                   45, 55, 52, 30, 50, 1, 15, 23, 21, 7, 5, 11, 25, 17, 36, 44, 35, 29, 8, 37, 51, 53, 33, 24, 34, 41, 43, 38, 4, 12, 20, 16, 47, 48, 46, 27, 32, 2, 18, 19      c, c Gaussian        0         0.00 1.0  0.00 
  41    2                19, 42                                                   10, 45, 55, 52, 30, 50, 1, 15, 23, 21, 7, 5, 11, 25, 17, 36, 44, 35, 29, 8, 37, 51, 53, 33, 24, 34, 41, 43, 38, 4, 12, 20, 16, 47, 48, 46, 27, 32, 2, 18      c, c Gaussian        0        -0.01 1.0 -0.01 
  41    3                 4, 49                                                  42, 10, 45, 55, 52, 30, 50, 1, 15, 23, 21, 7, 5, 11, 25, 17, 36, 44, 35, 29, 8, 37, 51, 53, 33, 24, 34, 41, 43, 38, 18, 2, 27, 48, 47, 32, 16, 46, 20, 12      c, c Gaussian        0         0.02 1.0  0.01 
  41    4                18, 14                                                  49, 42, 10, 45, 55, 52, 30, 50, 1, 15, 23, 21, 7, 5, 11, 25, 17, 36, 44, 35, 29, 8, 37, 51, 53, 33, 24, 34, 41, 43, 38, 12, 20, 16, 47, 48, 46, 27, 32, 2      c, c Gaussian        0         0.03 1.0  0.02 
  41    5                 2, 39                                                 14, 49, 42, 10, 45, 55, 52, 30, 50, 1, 15, 23, 21, 7, 5, 11, 25, 17, 36, 44, 35, 29, 8, 37, 51, 53, 33, 24, 34, 41, 43, 38, 12, 20, 16, 47, 48, 46, 27, 32      c, c  Student        0  0.02, 24.35 2.0  0.01 
  41    6                 21, 9                                                 39, 14, 49, 42, 10, 45, 55, 52, 30, 50, 1, 15, 23, 27, 48, 47, 38, 32, 44, 35, 29, 16, 12, 34, 51, 8, 37, 46, 20, 53, 17, 33, 41, 36, 43, 24, 11, 25, 5, 7      c, c  Student        0  0.02, 17.81 2.0  0.01 
  41    7                 7, 22                                                 9, 39, 14, 49, 42, 10, 45, 55, 52, 30, 50, 1, 15, 23, 27, 48, 47, 38, 32, 44, 35, 29, 16, 12, 34, 51, 8, 37, 46, 20, 53, 17, 33, 41, 36, 43, 24, 11, 25, 5      c, c Gaussian        0         0.01 1.0  0.01 
  41    8                 5, 40                                                22, 9, 39, 14, 49, 42, 10, 45, 55, 52, 30, 50, 1, 15, 23, 27, 48, 47, 38, 32, 44, 35, 29, 16, 12, 34, 51, 8, 37, 46, 20, 53, 17, 33, 41, 36, 43, 24, 11, 25      c, c  Student        0  0.05, 22.19 2.0  0.03 
  41    9                11, 54                                                40, 22, 9, 39, 14, 49, 42, 10, 45, 55, 52, 30, 50, 1, 15, 23, 27, 48, 47, 38, 32, 44, 35, 29, 16, 12, 34, 51, 8, 37, 46, 20, 53, 17, 33, 41, 36, 43, 24, 25      c, c Gaussian        0        -0.02 1.0 -0.01 
  41   10                 25, 3                                                54, 40, 22, 9, 39, 14, 49, 42, 10, 45, 55, 52, 30, 50, 1, 15, 23, 27, 48, 47, 38, 32, 44, 35, 29, 16, 12, 34, 51, 8, 37, 46, 20, 53, 17, 33, 41, 36, 43, 24      c, c Gaussian        0         0.02 1.0  0.01 
  41   11                17, 13                                                 3, 54, 40, 22, 9, 39, 14, 49, 42, 10, 45, 55, 52, 30, 50, 1, 15, 23, 27, 48, 47, 38, 32, 44, 35, 29, 16, 12, 34, 51, 8, 37, 46, 20, 53, 33, 36, 24, 43, 41      c, c Gaussian        0         0.00 1.0  0.00 
  41   12                36, 31                                                 13, 3, 54, 40, 22, 9, 39, 14, 49, 42, 10, 45, 55, 52, 30, 50, 1, 15, 23, 27, 48, 47, 38, 32, 44, 35, 29, 16, 12, 34, 51, 8, 37, 46, 20, 53, 33, 41, 43, 24      c, c Gaussian        0        -0.00 1.0 -0.00 
  41   13                44, 28                                                 31, 13, 3, 54, 40, 22, 9, 39, 14, 49, 42, 10, 45, 55, 52, 30, 50, 1, 15, 23, 27, 48, 47, 38, 32, 16, 12, 34, 51, 53, 33, 46, 20, 29, 8, 24, 37, 43, 41, 35      c, c Gaussian        0         0.01 1.0  0.01 
  41   14                35, 26                                                 28, 31, 13, 3, 54, 40, 22, 9, 39, 14, 49, 42, 10, 45, 55, 52, 30, 50, 1, 15, 23, 27, 48, 47, 38, 32, 16, 12, 34, 51, 53, 33, 46, 20, 29, 8, 24, 37, 43, 41      c, c Gaussian        0         0.01 1.0  0.01 
  42    1                 6, 42                                               10, 45, 55, 52, 30, 50, 1, 15, 23, 21, 7, 5, 11, 25, 17, 36, 44, 35, 29, 8, 37, 51, 53, 33, 24, 34, 41, 43, 38, 4, 12, 20, 16, 47, 48, 46, 27, 32, 2, 18, 19      c, c Gaussian        0         0.02 1.0  0.01 
  42    2                19, 49                                               42, 10, 45, 55, 52, 30, 50, 1, 15, 23, 21, 7, 5, 11, 25, 17, 36, 44, 35, 29, 8, 37, 51, 53, 33, 24, 34, 41, 43, 38, 4, 12, 20, 16, 47, 48, 46, 27, 32, 2, 18      c, c Gaussian        0        -0.02 1.0 -0.01 
  42    3                 4, 14                                              49, 42, 10, 45, 55, 52, 30, 50, 1, 15, 23, 21, 7, 5, 11, 25, 17, 36, 44, 35, 29, 8, 37, 51, 53, 33, 24, 34, 41, 43, 38, 18, 2, 27, 48, 47, 32, 16, 46, 20, 12      c, c Gaussian        0         0.01 1.0  0.01 
  42    4                18, 39                                              14, 49, 42, 10, 45, 55, 52, 30, 50, 1, 15, 23, 21, 7, 5, 11, 25, 17, 36, 44, 35, 29, 8, 37, 51, 53, 33, 24, 34, 41, 43, 38, 12, 20, 16, 47, 48, 46, 27, 32, 2      c, c Gaussian        0         0.02 1.0  0.01 
  42    5                  2, 9                                             39, 14, 49, 42, 10, 45, 55, 52, 30, 50, 1, 15, 23, 21, 7, 5, 11, 25, 17, 36, 44, 35, 29, 8, 37, 51, 53, 33, 24, 34, 41, 43, 38, 12, 20, 16, 47, 48, 46, 27, 32      c, c Gaussian        0         0.04 1.0  0.02 
  42    6                21, 22                                              9, 39, 14, 49, 42, 10, 45, 55, 52, 30, 50, 1, 15, 23, 27, 48, 47, 38, 32, 44, 35, 29, 16, 12, 34, 51, 8, 37, 46, 20, 53, 17, 33, 41, 36, 43, 24, 11, 25, 5, 7      c, c Gaussian        0         0.00 1.0  0.00 
  42    7                 7, 40                                             22, 9, 39, 14, 49, 42, 10, 45, 55, 52, 30, 50, 1, 15, 23, 27, 48, 47, 38, 32, 44, 35, 29, 16, 12, 34, 51, 8, 37, 46, 20, 53, 17, 33, 41, 36, 43, 24, 11, 25, 5      c, c Gaussian        0         0.00 1.0  0.00 
  42    8                 5, 54                                            40, 22, 9, 39, 14, 49, 42, 10, 45, 55, 52, 30, 50, 1, 15, 23, 27, 48, 47, 38, 32, 44, 35, 29, 16, 12, 34, 51, 8, 37, 46, 20, 53, 17, 33, 41, 36, 43, 24, 11, 25      c, c Gaussian        0         0.03 1.0  0.02 
  42    9                 11, 3                                            54, 40, 22, 9, 39, 14, 49, 42, 10, 45, 55, 52, 30, 50, 1, 15, 23, 27, 48, 47, 38, 32, 44, 35, 29, 16, 12, 34, 51, 8, 37, 46, 20, 53, 17, 33, 41, 36, 43, 24, 25      c, c Gaussian        0        -0.02 1.0 -0.01 
  42   10                25, 13                                             3, 54, 40, 22, 9, 39, 14, 49, 42, 10, 45, 55, 52, 30, 50, 1, 15, 23, 27, 48, 47, 38, 32, 44, 35, 29, 16, 12, 34, 51, 8, 37, 46, 20, 53, 17, 33, 41, 36, 43, 24      c, c Gaussian        0        -0.00 1.0 -0.00 
  42   11                17, 31                                             13, 3, 54, 40, 22, 9, 39, 14, 49, 42, 10, 45, 55, 52, 30, 50, 1, 15, 23, 27, 48, 47, 38, 32, 44, 35, 29, 16, 12, 34, 51, 8, 37, 46, 20, 53, 33, 36, 24, 43, 41      c, c Gaussian        0         0.02 1.0  0.01 
  42   12                36, 28                                             31, 13, 3, 54, 40, 22, 9, 39, 14, 49, 42, 10, 45, 55, 52, 30, 50, 1, 15, 23, 27, 48, 47, 38, 32, 44, 35, 29, 16, 12, 34, 51, 8, 37, 46, 20, 53, 33, 41, 43, 24      c, c Gaussian        0        -0.00 1.0 -0.00 
  42   13                44, 26                                             28, 31, 13, 3, 54, 40, 22, 9, 39, 14, 49, 42, 10, 45, 55, 52, 30, 50, 1, 15, 23, 27, 48, 47, 38, 32, 16, 12, 34, 51, 53, 33, 46, 20, 29, 8, 24, 37, 43, 41, 35      c, c Gaussian        0        -0.01 1.0 -0.01 
  43    1                 6, 49                                           42, 10, 45, 55, 52, 30, 50, 1, 15, 23, 21, 7, 5, 11, 25, 17, 36, 44, 35, 29, 8, 37, 51, 53, 33, 24, 34, 41, 43, 38, 4, 12, 20, 16, 47, 48, 46, 27, 32, 2, 18, 19      c, c Gaussian        0        -0.02 1.0 -0.01 
  43    2                19, 14                                           49, 42, 10, 45, 55, 52, 30, 50, 1, 15, 23, 21, 7, 5, 11, 25, 17, 36, 44, 35, 29, 8, 37, 51, 53, 33, 24, 34, 41, 43, 38, 4, 12, 20, 16, 47, 48, 46, 27, 32, 2, 18      c, c Gaussian        0        -0.01 1.0 -0.01 
  43    3                 4, 39                                          14, 49, 42, 10, 45, 55, 52, 30, 50, 1, 15, 23, 21, 7, 5, 11, 25, 17, 36, 44, 35, 29, 8, 37, 51, 53, 33, 24, 34, 41, 43, 38, 18, 2, 27, 48, 47, 32, 16, 46, 20, 12      c, c Gaussian        0         0.03 1.0  0.02 
  43    4                 18, 9                                          39, 14, 49, 42, 10, 45, 55, 52, 30, 50, 1, 15, 23, 21, 7, 5, 11, 25, 17, 36, 44, 35, 29, 8, 37, 51, 53, 33, 24, 34, 41, 43, 38, 12, 20, 16, 47, 48, 46, 27, 32, 2      c, c Gaussian        0         0.03 1.0  0.02 
  43    5                 2, 22                                          9, 39, 14, 49, 42, 10, 45, 55, 52, 30, 50, 1, 15, 23, 21, 7, 5, 11, 25, 17, 36, 44, 35, 29, 8, 37, 51, 53, 33, 24, 34, 41, 43, 38, 12, 20, 16, 47, 48, 46, 27, 32      c, c Gaussian        0        -0.01 1.0 -0.00 
  43    6                21, 40                                          22, 9, 39, 14, 49, 42, 10, 45, 55, 52, 30, 50, 1, 15, 23, 27, 48, 47, 38, 32, 44, 35, 29, 16, 12, 34, 51, 8, 37, 46, 20, 53, 17, 33, 41, 36, 43, 24, 11, 25, 5, 7      c, c Gaussian        0         0.04 1.0  0.02 
  43    7                 7, 54                                         40, 22, 9, 39, 14, 49, 42, 10, 45, 55, 52, 30, 50, 1, 15, 23, 27, 48, 47, 38, 32, 44, 35, 29, 16, 12, 34, 51, 8, 37, 46, 20, 53, 17, 33, 41, 36, 43, 24, 11, 25, 5      c, c Gaussian        0        -0.01 1.0 -0.01 
  43    8                  5, 3                                        54, 40, 22, 9, 39, 14, 49, 42, 10, 45, 55, 52, 30, 50, 1, 15, 23, 27, 48, 47, 38, 32, 44, 35, 29, 16, 12, 34, 51, 8, 37, 46, 20, 53, 17, 33, 41, 36, 43, 24, 11, 25      c, c Gaussian        0        -0.00 1.0 -0.00 
  43    9                11, 13                                         3, 54, 40, 22, 9, 39, 14, 49, 42, 10, 45, 55, 52, 30, 50, 1, 15, 23, 27, 48, 47, 38, 32, 44, 35, 29, 16, 12, 34, 51, 8, 37, 46, 20, 53, 17, 33, 41, 36, 43, 24, 25      c, c Gaussian        0         0.00 1.0  0.00 
  43   10                25, 31                                         13, 3, 54, 40, 22, 9, 39, 14, 49, 42, 10, 45, 55, 52, 30, 50, 1, 15, 23, 27, 48, 47, 38, 32, 44, 35, 29, 16, 12, 34, 51, 8, 37, 46, 20, 53, 17, 33, 41, 36, 43, 24      c, c  Student        0 -0.01, 22.80 2.0 -0.01 
  43   11                17, 28                                         31, 13, 3, 54, 40, 22, 9, 39, 14, 49, 42, 10, 45, 55, 52, 30, 50, 1, 15, 23, 27, 48, 47, 38, 32, 44, 35, 29, 16, 12, 34, 51, 8, 37, 46, 20, 53, 33, 36, 24, 43, 41      c, c Gaussian        0         0.02 1.0  0.01 
  43   12                36, 26                                         28, 31, 13, 3, 54, 40, 22, 9, 39, 14, 49, 42, 10, 45, 55, 52, 30, 50, 1, 15, 23, 27, 48, 47, 38, 32, 44, 35, 29, 16, 12, 34, 51, 8, 37, 46, 20, 53, 33, 41, 43, 24      c, c Gaussian        0         0.04 1.0  0.02 
  44    1                 6, 14                                       49, 42, 10, 45, 55, 52, 30, 50, 1, 15, 23, 21, 7, 5, 11, 25, 17, 36, 44, 35, 29, 8, 37, 51, 53, 33, 24, 34, 41, 43, 38, 4, 12, 20, 16, 47, 48, 46, 27, 32, 2, 18, 19      c, c Gaussian        0         0.02 1.0  0.01 
  44    2                19, 39                                       14, 49, 42, 10, 45, 55, 52, 30, 50, 1, 15, 23, 21, 7, 5, 11, 25, 17, 36, 44, 35, 29, 8, 37, 51, 53, 33, 24, 34, 41, 43, 38, 4, 12, 20, 16, 47, 48, 46, 27, 32, 2, 18      c, c  Student        0 -0.02, 24.90 2.0 -0.01 
  44    3                  4, 9                                      39, 14, 49, 42, 10, 45, 55, 52, 30, 50, 1, 15, 23, 21, 7, 5, 11, 25, 17, 36, 44, 35, 29, 8, 37, 51, 53, 33, 24, 34, 41, 43, 38, 18, 2, 27, 48, 47, 32, 16, 46, 20, 12      c, c Gaussian        0         0.02 1.0  0.01 
  44    4                18, 22                                       9, 39, 14, 49, 42, 10, 45, 55, 52, 30, 50, 1, 15, 23, 21, 7, 5, 11, 25, 17, 36, 44, 35, 29, 8, 37, 51, 53, 33, 24, 34, 41, 43, 38, 12, 20, 16, 47, 48, 46, 27, 32, 2      c, c Gaussian        0         0.01 1.0  0.01 
  44    5                 2, 40                                      22, 9, 39, 14, 49, 42, 10, 45, 55, 52, 30, 50, 1, 15, 23, 21, 7, 5, 11, 25, 17, 36, 44, 35, 29, 8, 37, 51, 53, 33, 24, 34, 41, 43, 38, 12, 20, 16, 47, 48, 46, 27, 32      c, c Gaussian        0         0.00 1.0  0.00 
  44    6                21, 54                                      40, 22, 9, 39, 14, 49, 42, 10, 45, 55, 52, 30, 50, 1, 15, 23, 27, 48, 47, 38, 32, 44, 35, 29, 16, 12, 34, 51, 8, 37, 46, 20, 53, 17, 33, 41, 36, 43, 24, 11, 25, 5, 7      c, c Gaussian        0        -0.02 1.0 -0.01 
  44    7                  7, 3                                     54, 40, 22, 9, 39, 14, 49, 42, 10, 45, 55, 52, 30, 50, 1, 15, 23, 27, 48, 47, 38, 32, 44, 35, 29, 16, 12, 34, 51, 8, 37, 46, 20, 53, 17, 33, 41, 36, 43, 24, 11, 25, 5      c, c Gaussian        0        -0.00 1.0 -0.00 
  44    8                 5, 13                                     3, 54, 40, 22, 9, 39, 14, 49, 42, 10, 45, 55, 52, 30, 50, 1, 15, 23, 27, 48, 47, 38, 32, 44, 35, 29, 16, 12, 34, 51, 8, 37, 46, 20, 53, 17, 33, 41, 36, 43, 24, 11, 25      c, c Gaussian        0         0.03 1.0  0.02 
  44    9                11, 31                                     13, 3, 54, 40, 22, 9, 39, 14, 49, 42, 10, 45, 55, 52, 30, 50, 1, 15, 23, 27, 48, 47, 38, 32, 44, 35, 29, 16, 12, 34, 51, 8, 37, 46, 20, 53, 17, 33, 41, 36, 43, 24, 25      c, c Gaussian        0         0.01 1.0  0.01 
  44   10                25, 28                                     31, 13, 3, 54, 40, 22, 9, 39, 14, 49, 42, 10, 45, 55, 52, 30, 50, 1, 15, 23, 27, 48, 47, 38, 32, 44, 35, 29, 16, 12, 34, 51, 8, 37, 46, 20, 53, 17, 33, 41, 36, 43, 24      c, c Gaussian        0         0.02 1.0  0.01 
  44   11                17, 26                                     28, 31, 13, 3, 54, 40, 22, 9, 39, 14, 49, 42, 10, 45, 55, 52, 30, 50, 1, 15, 23, 27, 48, 47, 38, 32, 44, 35, 29, 16, 12, 34, 51, 8, 37, 46, 20, 53, 33, 36, 24, 43, 41      c, c Gaussian        0         0.01 1.0  0.01 
  45    1                 6, 39                                   14, 49, 42, 10, 45, 55, 52, 30, 50, 1, 15, 23, 21, 7, 5, 11, 25, 17, 36, 44, 35, 29, 8, 37, 51, 53, 33, 24, 34, 41, 43, 38, 4, 12, 20, 16, 47, 48, 46, 27, 32, 2, 18, 19      c, c Gaussian        0         0.00 1.0  0.00 
  45    2                 19, 9                                   39, 14, 49, 42, 10, 45, 55, 52, 30, 50, 1, 15, 23, 21, 7, 5, 11, 25, 17, 36, 44, 35, 29, 8, 37, 51, 53, 33, 24, 34, 41, 43, 38, 4, 12, 20, 16, 47, 48, 46, 27, 32, 2, 18      c, c Gaussian        0         0.04 1.0  0.02 
  45    3                 4, 22                                   9, 39, 14, 49, 42, 10, 45, 55, 52, 30, 50, 1, 15, 23, 21, 7, 5, 11, 25, 17, 36, 44, 35, 29, 8, 37, 51, 53, 33, 24, 34, 41, 43, 38, 18, 2, 27, 48, 47, 32, 16, 46, 20, 12      c, c  Student        0  0.03, 24.25 2.0  0.02 
  45    4                18, 40                                   22, 9, 39, 14, 49, 42, 10, 45, 55, 52, 30, 50, 1, 15, 23, 21, 7, 5, 11, 25, 17, 36, 44, 35, 29, 8, 37, 51, 53, 33, 24, 34, 41, 43, 38, 12, 20, 16, 47, 48, 46, 27, 32, 2      c, c Gaussian        0         0.00 1.0  0.00 
  45    5                 2, 54                                  40, 22, 9, 39, 14, 49, 42, 10, 45, 55, 52, 30, 50, 1, 15, 23, 21, 7, 5, 11, 25, 17, 36, 44, 35, 29, 8, 37, 51, 53, 33, 24, 34, 41, 43, 38, 12, 20, 16, 47, 48, 46, 27, 32      c, c Gaussian        0         0.02 1.0  0.01 
  45    6                 21, 3                                  54, 40, 22, 9, 39, 14, 49, 42, 10, 45, 55, 52, 30, 50, 1, 15, 23, 27, 48, 47, 38, 32, 44, 35, 29, 16, 12, 34, 51, 8, 37, 46, 20, 53, 17, 33, 41, 36, 43, 24, 11, 25, 5, 7      c, c Gaussian        0        -0.01 1.0 -0.00 
  45    7                 7, 13                                  3, 54, 40, 22, 9, 39, 14, 49, 42, 10, 45, 55, 52, 30, 50, 1, 15, 23, 27, 48, 47, 38, 32, 44, 35, 29, 16, 12, 34, 51, 8, 37, 46, 20, 53, 17, 33, 41, 36, 43, 24, 11, 25, 5      c, c Gaussian        0         0.00 1.0  0.00 
  45    8                 5, 31                                 13, 3, 54, 40, 22, 9, 39, 14, 49, 42, 10, 45, 55, 52, 30, 50, 1, 15, 23, 27, 48, 47, 38, 32, 44, 35, 29, 16, 12, 34, 51, 8, 37, 46, 20, 53, 17, 33, 41, 36, 43, 24, 11, 25      c, c Gaussian        0         0.02 1.0  0.01 
  45    9                11, 28                                 31, 13, 3, 54, 40, 22, 9, 39, 14, 49, 42, 10, 45, 55, 52, 30, 50, 1, 15, 23, 27, 48, 47, 38, 32, 44, 35, 29, 16, 12, 34, 51, 8, 37, 46, 20, 53, 17, 33, 41, 36, 43, 24, 25      c, c Gaussian        0        -0.03 1.0 -0.02 
  45   10                25, 26                                 28, 31, 13, 3, 54, 40, 22, 9, 39, 14, 49, 42, 10, 45, 55, 52, 30, 50, 1, 15, 23, 27, 48, 47, 38, 32, 44, 35, 29, 16, 12, 34, 51, 8, 37, 46, 20, 53, 17, 33, 41, 36, 43, 24      c, c Gaussian        0        -0.02 1.0 -0.01 
  46    1                  6, 9                               39, 14, 49, 42, 10, 45, 55, 52, 30, 50, 1, 15, 23, 21, 7, 5, 11, 25, 17, 36, 44, 35, 29, 8, 37, 51, 53, 33, 24, 34, 41, 43, 38, 4, 12, 20, 16, 47, 48, 46, 27, 32, 2, 18, 19      c, c Gaussian        0         0.00 1.0  0.00 
  46    2                19, 22                                9, 39, 14, 49, 42, 10, 45, 55, 52, 30, 50, 1, 15, 23, 21, 7, 5, 11, 25, 17, 36, 44, 35, 29, 8, 37, 51, 53, 33, 24, 34, 41, 43, 38, 4, 12, 20, 16, 47, 48, 46, 27, 32, 2, 18      c, c Gaussian        0        -0.01 1.0 -0.01 
  46    3                 4, 40                               22, 9, 39, 14, 49, 42, 10, 45, 55, 52, 30, 50, 1, 15, 23, 21, 7, 5, 11, 25, 17, 36, 44, 35, 29, 8, 37, 51, 53, 33, 24, 34, 41, 43, 38, 18, 2, 27, 48, 47, 32, 16, 46, 20, 12      c, c Gaussian        0         0.02 1.0  0.01 
  46    4                18, 54                               40, 22, 9, 39, 14, 49, 42, 10, 45, 55, 52, 30, 50, 1, 15, 23, 21, 7, 5, 11, 25, 17, 36, 44, 35, 29, 8, 37, 51, 53, 33, 24, 34, 41, 43, 38, 12, 20, 16, 47, 48, 46, 27, 32, 2      c, c Gaussian        0         0.01 1.0  0.01 
  46    5                  2, 3                              54, 40, 22, 9, 39, 14, 49, 42, 10, 45, 55, 52, 30, 50, 1, 15, 23, 21, 7, 5, 11, 25, 17, 36, 44, 35, 29, 8, 37, 51, 53, 33, 24, 34, 41, 43, 38, 12, 20, 16, 47, 48, 46, 27, 32      c, c Gaussian        0         0.03 1.0  0.02 
  46    6                21, 13                               3, 54, 40, 22, 9, 39, 14, 49, 42, 10, 45, 55, 52, 30, 50, 1, 15, 23, 27, 48, 47, 38, 32, 44, 35, 29, 16, 12, 34, 51, 8, 37, 46, 20, 53, 17, 33, 41, 36, 43, 24, 11, 25, 5, 7      c, c Gaussian        0         0.01 1.0  0.01 
  46    7                 7, 31                              13, 3, 54, 40, 22, 9, 39, 14, 49, 42, 10, 45, 55, 52, 30, 50, 1, 15, 23, 27, 48, 47, 38, 32, 44, 35, 29, 16, 12, 34, 51, 8, 37, 46, 20, 53, 17, 33, 41, 36, 43, 24, 11, 25, 5      c, c Gaussian        0        -0.00 1.0 -0.00 
  46    8                 5, 28                             31, 13, 3, 54, 40, 22, 9, 39, 14, 49, 42, 10, 45, 55, 52, 30, 50, 1, 15, 23, 27, 48, 47, 38, 32, 44, 35, 29, 16, 12, 34, 51, 8, 37, 46, 20, 53, 17, 33, 41, 36, 43, 24, 11, 25      c, c Gaussian        0         0.01 1.0  0.01 
  46    9                11, 26                             28, 31, 13, 3, 54, 40, 22, 9, 39, 14, 49, 42, 10, 45, 55, 52, 30, 50, 1, 15, 23, 27, 48, 47, 38, 32, 44, 35, 29, 16, 12, 34, 51, 8, 37, 46, 20, 53, 17, 33, 41, 36, 43, 24, 25      c, c Gaussian        0        -0.00 1.0 -0.00 
  47    1                 6, 22                            9, 39, 14, 49, 42, 10, 45, 55, 52, 30, 50, 1, 15, 23, 21, 7, 5, 11, 25, 17, 36, 44, 35, 29, 8, 37, 51, 53, 33, 24, 34, 41, 43, 38, 4, 12, 20, 16, 47, 48, 46, 27, 32, 2, 18, 19      c, c Gaussian        0        -0.02 1.0 -0.01 
  47    2                19, 40                            22, 9, 39, 14, 49, 42, 10, 45, 55, 52, 30, 50, 1, 15, 23, 21, 7, 5, 11, 25, 17, 36, 44, 35, 29, 8, 37, 51, 53, 33, 24, 34, 41, 43, 38, 4, 12, 20, 16, 47, 48, 46, 27, 32, 2, 18      c, c Gaussian        0        -0.03 1.0 -0.02 
  47    3                 4, 54                           40, 22, 9, 39, 14, 49, 42, 10, 45, 55, 52, 30, 50, 1, 15, 23, 21, 7, 5, 11, 25, 17, 36, 44, 35, 29, 8, 37, 51, 53, 33, 24, 34, 41, 43, 38, 18, 2, 27, 48, 47, 32, 16, 46, 20, 12      c, c Gaussian        0         0.04 1.0  0.03 
  47    4                 18, 3                           54, 40, 22, 9, 39, 14, 49, 42, 10, 45, 55, 52, 30, 50, 1, 15, 23, 21, 7, 5, 11, 25, 17, 36, 44, 35, 29, 8, 37, 51, 53, 33, 24, 34, 41, 43, 38, 12, 20, 16, 47, 48, 46, 27, 32, 2      c, c Gaussian        0         0.00 1.0  0.00 
  47    5                 2, 13                           3, 54, 40, 22, 9, 39, 14, 49, 42, 10, 45, 55, 52, 30, 50, 1, 15, 23, 21, 7, 5, 11, 25, 17, 36, 44, 35, 29, 8, 37, 51, 53, 33, 24, 34, 41, 43, 38, 12, 20, 16, 47, 48, 46, 27, 32      c, c  Student        0  0.02, 19.46 2.0  0.01 
  47    6                21, 31                           13, 3, 54, 40, 22, 9, 39, 14, 49, 42, 10, 45, 55, 52, 30, 50, 1, 15, 23, 27, 48, 47, 38, 32, 44, 35, 29, 16, 12, 34, 51, 8, 37, 46, 20, 53, 17, 33, 41, 36, 43, 24, 11, 25, 5, 7      c, c Gaussian        0        -0.01 1.0 -0.00 
  47    7                 7, 28                          31, 13, 3, 54, 40, 22, 9, 39, 14, 49, 42, 10, 45, 55, 52, 30, 50, 1, 15, 23, 27, 48, 47, 38, 32, 44, 35, 29, 16, 12, 34, 51, 8, 37, 46, 20, 53, 17, 33, 41, 36, 43, 24, 11, 25, 5      c, c Gaussian        0        -0.01 1.0 -0.01 
  47    8                 5, 26                         28, 31, 13, 3, 54, 40, 22, 9, 39, 14, 49, 42, 10, 45, 55, 52, 30, 50, 1, 15, 23, 27, 48, 47, 38, 32, 44, 35, 29, 16, 12, 34, 51, 8, 37, 46, 20, 53, 17, 33, 41, 36, 43, 24, 11, 25      c, c Gaussian        0         0.00 1.0  0.00 
  48    1                 6, 40                        22, 9, 39, 14, 49, 42, 10, 45, 55, 52, 30, 50, 1, 15, 23, 21, 7, 5, 11, 25, 17, 36, 44, 35, 29, 8, 37, 51, 53, 33, 24, 34, 41, 43, 38, 4, 12, 20, 16, 47, 48, 46, 27, 32, 2, 18, 19      c, c  Student        0 -0.00, 24.46 2.0 -0.00 
  48    2                19, 54                        40, 22, 9, 39, 14, 49, 42, 10, 45, 55, 52, 30, 50, 1, 15, 23, 21, 7, 5, 11, 25, 17, 36, 44, 35, 29, 8, 37, 51, 53, 33, 24, 34, 41, 43, 38, 4, 12, 20, 16, 47, 48, 46, 27, 32, 2, 18      c, c Gaussian        0         0.02 1.0  0.01 
  48    3                  4, 3                       54, 40, 22, 9, 39, 14, 49, 42, 10, 45, 55, 52, 30, 50, 1, 15, 23, 21, 7, 5, 11, 25, 17, 36, 44, 35, 29, 8, 37, 51, 53, 33, 24, 34, 41, 43, 38, 18, 2, 27, 48, 47, 32, 16, 46, 20, 12      c, c Gaussian        0         0.05 1.0  0.03 
  48    4                18, 13                        3, 54, 40, 22, 9, 39, 14, 49, 42, 10, 45, 55, 52, 30, 50, 1, 15, 23, 21, 7, 5, 11, 25, 17, 36, 44, 35, 29, 8, 37, 51, 53, 33, 24, 34, 41, 43, 38, 12, 20, 16, 47, 48, 46, 27, 32, 2      c, c Gaussian        0         0.01 1.0  0.00 
  48    5                 2, 31                       13, 3, 54, 40, 22, 9, 39, 14, 49, 42, 10, 45, 55, 52, 30, 50, 1, 15, 23, 21, 7, 5, 11, 25, 17, 36, 44, 35, 29, 8, 37, 51, 53, 33, 24, 34, 41, 43, 38, 12, 20, 16, 47, 48, 46, 27, 32      c, c Gaussian        0         0.04 1.0  0.02 
  48    6                21, 28                       31, 13, 3, 54, 40, 22, 9, 39, 14, 49, 42, 10, 45, 55, 52, 30, 50, 1, 15, 23, 27, 48, 47, 38, 32, 44, 35, 29, 16, 12, 34, 51, 8, 37, 46, 20, 53, 17, 33, 41, 36, 43, 24, 11, 25, 5, 7      c, c Gaussian        0         0.00 1.0  0.00 
  48    7                 7, 26                      28, 31, 13, 3, 54, 40, 22, 9, 39, 14, 49, 42, 10, 45, 55, 52, 30, 50, 1, 15, 23, 27, 48, 47, 38, 32, 44, 35, 29, 16, 12, 34, 51, 8, 37, 46, 20, 53, 17, 33, 41, 36, 43, 24, 11, 25, 5      c, c Gaussian        0        -0.01 1.0 -0.01 
  49    1                 6, 54                    40, 22, 9, 39, 14, 49, 42, 10, 45, 55, 52, 30, 50, 1, 15, 23, 21, 7, 5, 11, 25, 17, 36, 44, 35, 29, 8, 37, 51, 53, 33, 24, 34, 41, 43, 38, 4, 12, 20, 16, 47, 48, 46, 27, 32, 2, 18, 19      c, c Gaussian        0        -0.03 1.0 -0.02 
  49    2                 19, 3                    54, 40, 22, 9, 39, 14, 49, 42, 10, 45, 55, 52, 30, 50, 1, 15, 23, 21, 7, 5, 11, 25, 17, 36, 44, 35, 29, 8, 37, 51, 53, 33, 24, 34, 41, 43, 38, 4, 12, 20, 16, 47, 48, 46, 27, 32, 2, 18      c, c Gaussian        0        -0.01 1.0 -0.00 
  49    3                 4, 13                    3, 54, 40, 22, 9, 39, 14, 49, 42, 10, 45, 55, 52, 30, 50, 1, 15, 23, 21, 7, 5, 11, 25, 17, 36, 44, 35, 29, 8, 37, 51, 53, 33, 24, 34, 41, 43, 38, 18, 2, 27, 48, 47, 32, 16, 46, 20, 12      c, c Gaussian        0         0.03 1.0  0.02 
  49    4                18, 31                    13, 3, 54, 40, 22, 9, 39, 14, 49, 42, 10, 45, 55, 52, 30, 50, 1, 15, 23, 21, 7, 5, 11, 25, 17, 36, 44, 35, 29, 8, 37, 51, 53, 33, 24, 34, 41, 43, 38, 12, 20, 16, 47, 48, 46, 27, 32, 2      c, c Gaussian        0         0.02 1.0  0.01 
  49    5                 2, 28                   31, 13, 3, 54, 40, 22, 9, 39, 14, 49, 42, 10, 45, 55, 52, 30, 50, 1, 15, 23, 21, 7, 5, 11, 25, 17, 36, 44, 35, 29, 8, 37, 51, 53, 33, 24, 34, 41, 43, 38, 12, 20, 16, 47, 48, 46, 27, 32      c, c Gaussian        0         0.02 1.0  0.02 
  49    6                21, 26                   28, 31, 13, 3, 54, 40, 22, 9, 39, 14, 49, 42, 10, 45, 55, 52, 30, 50, 1, 15, 23, 27, 48, 47, 38, 32, 44, 35, 29, 16, 12, 34, 51, 8, 37, 46, 20, 53, 17, 33, 41, 36, 43, 24, 11, 25, 5, 7      c, c Gaussian        0        -0.01 1.0 -0.01 
  50    1                  6, 3                54, 40, 22, 9, 39, 14, 49, 42, 10, 45, 55, 52, 30, 50, 1, 15, 23, 21, 7, 5, 11, 25, 17, 36, 44, 35, 29, 8, 37, 51, 53, 33, 24, 34, 41, 43, 38, 4, 12, 20, 16, 47, 48, 46, 27, 32, 2, 18, 19      c, c Gaussian        0        -0.00 1.0 -0.00 
  50    2                19, 13                 3, 54, 40, 22, 9, 39, 14, 49, 42, 10, 45, 55, 52, 30, 50, 1, 15, 23, 21, 7, 5, 11, 25, 17, 36, 44, 35, 29, 8, 37, 51, 53, 33, 24, 34, 41, 43, 38, 4, 12, 20, 16, 47, 48, 46, 27, 32, 2, 18      c, c Gaussian        0         0.01 1.0  0.01 
  50    3                 4, 31                13, 3, 54, 40, 22, 9, 39, 14, 49, 42, 10, 45, 55, 52, 30, 50, 1, 15, 23, 21, 7, 5, 11, 25, 17, 36, 44, 35, 29, 8, 37, 51, 53, 33, 24, 34, 41, 43, 38, 18, 2, 27, 48, 47, 32, 16, 46, 20, 12      c, c  Student        0  0.01, 15.37 2.0  0.01 
  50    4                18, 28                31, 13, 3, 54, 40, 22, 9, 39, 14, 49, 42, 10, 45, 55, 52, 30, 50, 1, 15, 23, 21, 7, 5, 11, 25, 17, 36, 44, 35, 29, 8, 37, 51, 53, 33, 24, 34, 41, 43, 38, 12, 20, 16, 47, 48, 46, 27, 32, 2      c, c Gaussian        0         0.04 1.0  0.02 
  50    5                 2, 26               28, 31, 13, 3, 54, 40, 22, 9, 39, 14, 49, 42, 10, 45, 55, 52, 30, 50, 1, 15, 23, 21, 7, 5, 11, 25, 17, 36, 44, 35, 29, 8, 37, 51, 53, 33, 24, 34, 41, 43, 38, 12, 20, 16, 47, 48, 46, 27, 32      c, c Gaussian        0         0.04 1.0  0.02 
  51    1                 6, 13             3, 54, 40, 22, 9, 39, 14, 49, 42, 10, 45, 55, 52, 30, 50, 1, 15, 23, 21, 7, 5, 11, 25, 17, 36, 44, 35, 29, 8, 37, 51, 53, 33, 24, 34, 41, 43, 38, 4, 12, 20, 16, 47, 48, 46, 27, 32, 2, 18, 19      c, c Gaussian        0        -0.01 1.0 -0.00 
  51    2                19, 31             13, 3, 54, 40, 22, 9, 39, 14, 49, 42, 10, 45, 55, 52, 30, 50, 1, 15, 23, 21, 7, 5, 11, 25, 17, 36, 44, 35, 29, 8, 37, 51, 53, 33, 24, 34, 41, 43, 38, 4, 12, 20, 16, 47, 48, 46, 27, 32, 2, 18      c, c Gaussian        0         0.01 1.0  0.01 
  51    3                 4, 28            31, 13, 3, 54, 40, 22, 9, 39, 14, 49, 42, 10, 45, 55, 52, 30, 50, 1, 15, 23, 21, 7, 5, 11, 25, 17, 36, 44, 35, 29, 8, 37, 51, 53, 33, 24, 34, 41, 43, 38, 18, 2, 27, 48, 47, 32, 16, 46, 20, 12      c, c Gaussian        0         0.03 1.0  0.02 
  51    4                18, 26            28, 31, 13, 3, 54, 40, 22, 9, 39, 14, 49, 42, 10, 45, 55, 52, 30, 50, 1, 15, 23, 21, 7, 5, 11, 25, 17, 36, 44, 35, 29, 8, 37, 51, 53, 33, 24, 34, 41, 43, 38, 12, 20, 16, 47, 48, 46, 27, 32, 2      c, c Gaussian        0         0.03 1.0  0.02 
  52    1                 6, 31         13, 3, 54, 40, 22, 9, 39, 14, 49, 42, 10, 45, 55, 52, 30, 50, 1, 15, 23, 21, 7, 5, 11, 25, 17, 36, 44, 35, 29, 8, 37, 51, 53, 33, 24, 34, 41, 43, 38, 4, 12, 20, 16, 47, 48, 46, 27, 32, 2, 18, 19      c, c Gaussian        0        -0.02 1.0 -0.01 
  52    2                19, 28         31, 13, 3, 54, 40, 22, 9, 39, 14, 49, 42, 10, 45, 55, 52, 30, 50, 1, 15, 23, 21, 7, 5, 11, 25, 17, 36, 44, 35, 29, 8, 37, 51, 53, 33, 24, 34, 41, 43, 38, 4, 12, 20, 16, 47, 48, 46, 27, 32, 2, 18      c, c Gaussian        0        -0.02 1.0 -0.01 
  52    3                 4, 26        28, 31, 13, 3, 54, 40, 22, 9, 39, 14, 49, 42, 10, 45, 55, 52, 30, 50, 1, 15, 23, 21, 7, 5, 11, 25, 17, 36, 44, 35, 29, 8, 37, 51, 53, 33, 24, 34, 41, 43, 38, 18, 2, 27, 48, 47, 32, 16, 46, 20, 12      c, c Gaussian        0         0.01 1.0  0.00 
  53    1                 6, 28     31, 13, 3, 54, 40, 22, 9, 39, 14, 49, 42, 10, 45, 55, 52, 30, 50, 1, 15, 23, 21, 7, 5, 11, 25, 17, 36, 44, 35, 29, 8, 37, 51, 53, 33, 24, 34, 41, 43, 38, 4, 12, 20, 16, 47, 48, 46, 27, 32, 2, 18, 19      c, c Gaussian        0        -0.02 1.0 -0.01 
  53    2                19, 26     28, 31, 13, 3, 54, 40, 22, 9, 39, 14, 49, 42, 10, 45, 55, 52, 30, 50, 1, 15, 23, 21, 7, 5, 11, 25, 17, 36, 44, 35, 29, 8, 37, 51, 53, 33, 24, 34, 41, 43, 38, 4, 12, 20, 16, 47, 48, 46, 27, 32, 2, 18      c, c Gaussian        0        -0.01 1.0 -0.01 
  54    1                 6, 26 28, 31, 13, 3, 54, 40, 22, 9, 39, 14, 49, 42, 10, 45, 55, 52, 30, 50, 1, 15, 23, 21, 7, 5, 11, 25, 17, 36, 44, 35, 29, 8, 37, 51, 53, 33, 24, 34, 41, 43, 38, 4, 12, 20, 16, 47, 48, 46, 27, 32, 2, 18, 19      c, c  Student        0  0.01, 23.82 2.0  0.00 
